-123.33513763118	0
-4.29543945972849	0
-4.29443520466967	0
-4.29343073177371	0
-4.29242604087884	0
-4.29142113182309	0
-4.29041600444426	0
-4.28941065857995	0
-4.2884050940675	0
-4.28739931074405	0
-4.28639330844651	0
-4.28538708701157	0
-4.28438064627568	0
-4.28337398607508	0
-4.28236710624577	0
-4.28136000662354	0
-4.28035268704395	0
-4.27934514734231	0
-4.27833738735373	0
-4.27732940691308	0
-4.276321205855	0
-4.2753127840139	0
-4.27430414122396	0
-4.27329527731914	0
-4.27228619213313	0
-4.27127688549947	0
-4.27026735725137	0
-4.26925760722188	0
-4.2682476352438	0
-4.26723744114966	0
-4.2662270247718	0
-4.26521638594231	0
-4.26420552449306	0
-4.26319444025564	0
-4.26218313306146	0
-4.26117160274166	0
-4.26015984912715	0
-4.25914787204861	0
-4.25813567133646	0
-4.25712324682093	0
-4.25611059833194	0
-4.25509772569924	0
-4.25408462875231	0
-4.25307130732038	0
-4.25205776123245	0
-4.25104399031728	0
-4.2500299944034	0
-4.24901577331905	0
-4.2480013268923	0
-4.24698665495091	0
-4.24597175732244	0
-4.24495663383419	0
-4.24394128431322	0
-4.24292570858632	0
-4.24190990648006	0
-4.24089387782077	0
-4.23987762243451	0
-4.23886114014711	0
-4.23784443078414	0
-4.23682749417092	0
-4.23581033013254	0
-4.23479293849382	0
-4.23377531907935	0
-4.23275747171343	0
-4.23173939622017	0
-4.23072109242337	0
-4.2297025601466	0
-4.22868379921319	0
-4.22766480944621	0
-4.22664559066846	0
-4.2256261427025	0
-4.22460646537064	0
-4.22358655849491	0
-4.22256642189712	0
-4.22154605539879	0
-4.2205254588212	0
-4.21950463198537	0
-4.21848357471206	0
-4.21746228682178	0
-4.21644076813475	0
-4.21541901847098	0
-4.21439703765018	0
-4.2133748254918	0
-4.21235238181505	0
-4.21132970643886	0
-4.21030679918192	0
-4.20928365986262	0
-4.20826028829912	0
-4.20723668430929	0
-4.20621284771076	0
-4.20518877832088	0
-4.20416447595671	0
-4.2031399404351	0
-4.20211517157259	0
-4.20109016918546	0
-4.20006493308972	0
-4.19903946310112	0
-4.19801375903513	0
-4.19698782070696	0
-4.19596164793154	0
-4.19493524052354	0
-4.19390859829734	0
-4.19288172106705	0
-4.19185460864653	0
-4.19082726084935	0
-4.18979967748879	0
-4.18877185837788	0
-4.18774380332936	0
-4.1867155121557	0
-4.18568698466909	0
-4.18465822068145	0
-4.18362922000441	0
-4.18259998244931	0
-4.18157050782726	0
-4.18054079594902	0
-4.17951084662513	0
-4.17848065966582	0
-4.17745023488103	0
-4.17641957208046	0
-4.17538867107345	0
-4.17435753166915	0
-4.17332615367635	0
-4.17229453690359	0
-4.17126268115912	0
-4.1702305862509	0
-4.16919825198659	0
-4.16816567817361	0
-4.16713286461903	0
-4.16609981112966	0
-4.16506651751204	0
-4.16403298357238	0
-4.16299920911662	0
-4.16196519395042	0
-4.16093093787912	0
-4.15989644070779	0
-4.15886170224119	0
-4.1578267222838	0
-4.15679150063981	0
-4.15575603711309	0
-4.15472033150722	0
-4.15368438362551	0
-4.15264819327094	0
-4.1516117602462	0
-4.15057508435371	0
-4.14953816539554	0
-4.1485010031735	0
-4.14746359748908	0
-4.14642594814349	0
-4.14538805493759	0
-4.144349917672	0
-4.14331153614698	0
-4.14227291016252	0
-4.1412340395183	0
-4.14019492401368	0
-4.13915556344774	0
-4.13811595761921	0
-4.13707610632656	0
-4.13603600936792	0
-4.13499566654113	0
-4.13395507764369	0
-4.13291424247283	0
-4.13187316082543	0
-4.1308318324981	0
-4.1297902572871	0
-4.12874843498837	0
-4.12770636539759	0
-4.12666404831007	0
-4.12562148352084	0
-4.12457867082458	0
-4.12353561001568	0
-4.1224923008882	0
-4.12144874323588	0
-4.12040493685216	0
-4.11936088153014	0
-4.11831657706259	0
-4.11727202324198	0
-4.11622721986046	0
-4.11518216670984	0
-4.11413686358161	0
-4.11309131026695	0
-4.11204550655669	0
-4.11099945224135	0
-4.10995314711112	0
-4.10890659095586	0
-4.10785978356511	0
-4.10681272472807	0
-4.10576541423362	0
-4.1047178518703	0
-4.10367003742632	0
-4.10262197068956	0
-4.10157365144758	0
-4.10052507948758	0
-4.09947625459644	0
-4.09842717656071	0
-4.09737784516658	0
-4.09632826019994	0
-4.09527842144632	0
-4.0942283286909	0
-4.09317798171854	0
-4.09212738031376	0
-4.09107652426072	0
-4.09002541334327	0
-4.08897404734488	0
-4.08792242604871	0
-4.08687054923755	0
-4.08581841669385	0
-4.08476602819974	0
-4.08371338353697	0
-4.08266048248695	0
-4.08160732483076	0
-4.08055391034911	0
-4.07950023882237	0
-4.07844631003055	0
-4.07739212375333	0
-4.07633767977	0
-4.07528297785955	0
-4.07422801780056	0
-4.07317279937128	0
-4.07211732234963	0
-4.07106158651311	0
-4.07000559163893	0
-4.0689493375039	0
-4.06789282388447	0
-4.06683605055676	0
-4.06577901729651	0
-4.06472172387907	0
-4.06366417007948	0
-4.0626063556724	0
-4.0615482804321	0
-4.0604899441325	0
-4.05943134654716	0
-4.05837248744926	0
-4.05731336661164	0
-4.05625398380673	0
-4.05519433880662	0
-4.05413443138302	0
-4.05307426130727	0
-4.05201382835032	0
-4.05095313228278	0
-4.04989217287485	0
-4.04883094989639	0
-4.04776946311686	0
-4.04670771230533	0
-4.04564569723053	0
-4.04458341766079	0
-4.04352087336405	0
-4.04245806410788	0
-4.04139498965948	0
-4.04033164978564	0
-4.0392680442528	0
-4.03820417282698	0
-4.03714003527384	0
-4.03607563135864	0
-4.03501096084626	0
-4.03394602350118	0
-4.03288081908751	0
-4.03181534736895	0
-4.03074960810882	0
-4.02968360107005	0
-4.02861732601516	0
-4.02755078270628	0
-4.02648397090518	0
-4.02541689037318	0
-4.02434954087123	0
-4.02328192215989	0
-4.02221403399931	0
-4.02114587614923	0
-4.020077448369	0
-4.01900875041757	0
-4.01793978205349	0
-4.01687054303488	0
-4.01580103311949	0
-4.01473125206465	0
-4.01366119962726	0
-4.01259087556385	0
-4.01152027963051	0
-4.01044941158293	0
-4.00937827117641	0
-4.0083068581658	0
-4.00723517230556	0
-4.00616321334972	0
-4.00509098105192	0
-4.00401847516535	0
-4.00294569544282	0
-4.00187264163668	0
-4.0007993134989	0
-3.999725710781	0
-3.99865183323407	0
-3.99757768060883	0
-3.99650325265552	0
-3.99542854912398	0
-3.99435356976362	0
-3.99327831432342	0
-3.99220278255194	0
-3.9911269741973	0
-3.99005088900719	0
-3.98897452672887	0
-3.98789788710918	0
-3.9868209698945	0
-3.9857437748308	0
-3.98466630166361	0
-3.98358855013799	0
-3.98251051999861	0
-3.98143221098969	0
-3.98035362285497	0
-3.97927475533777	0
-3.97819560818101	0
-3.97711618112709	0
-3.97603647391804	0
-3.97495648629538	0
-3.97387621800021	0
-3.9727956687732	0
-3.97171483835453	0
-3.97063372648396	0
-3.96955233290079	0
-3.96847065734386	0
-3.96738869955155	0
-3.96630645926182	0
-3.96522393621212	0
-3.96414113013947	0
-3.96305804078045	0
-3.96197466787115	0
-3.96089101114719	0
-3.95980707034377	0
-3.95872284519558	0
-3.95763833543688	0
-3.95655354080144	0
-3.95546846102256	0
-3.95438309583309	0
-3.95329744496541	0
-3.95221150815141	0
-3.95112528512252	0
-3.9500387756097	0
-3.9489519793434	0
-3.94786489605365	0
-3.94677752546995	0
-3.94568986732137	0
-3.94460192133645	0
-3.94351368724329	0
-3.94242516476947	0
-3.94133635364213	0
-3.94024725358787	0
-3.93915786433286	0
-3.93806818560274	0
-3.93697821712267	0
-3.93588795861735	0
-3.93479740981093	0
-3.93370657042713	0
-3.93261544018913	0
-3.93152401881963	0
-3.93043230604083	0
-3.92934030157444	0
-3.92824800514166	0
-3.9271554164632	0
-3.92606253525925	0
-3.92496936124951	0
-3.92387589415317	0
-3.92278213368892	0
-3.92168807957493	0
-3.92059373152887	0
-3.91949908926789	0
-3.91840415250865	0
-3.91730892096727	0
-3.91621339435935	0
-3.91511757240002	0
-3.91402145480384	0
-3.91292504128488	0
-3.91182833155668	0
-3.91073132533226	0
-3.90963402232412	0
-3.90853642224424	0
-3.90743852480404	0
-3.90634032971447	0
-3.90524183668589	0
-3.90414304542819	0
-3.90304395565066	0
-3.90194456706212	0
-3.90084487937082	0
-3.89974489228449	0
-3.89864460551029	0
-3.8975440187549	0
-3.8964431317244	0
-3.89534194412435	0
-3.89424045565979	0
-3.89313866603517	0
-3.89203657495443	0
-3.89093418212094	0
-3.88983148723752	0
-3.88872849000647	0
-3.88762519012949	0
-3.88652158730776	0
-3.88541768124189	0
-3.88431347163195	0
-3.88320895817742	0
-3.88210414057724	0
-3.88099901852979	0
-3.87989359173288	0
-3.87878785988374	0
-3.87768182267907	0
-3.87657547981496	0
-3.87546883098697	0
-3.87436187589005	0
-3.8732546142186	0
-3.87214704566645	0
-3.87103916992683	0
-3.86993098669242	0
-3.86882249565528	0
-3.86771369650695	0
-3.86660458893832	0
-3.86549517263975	0
-3.86438544730098	0
-3.86327541261117	0
-3.8621650682589	0
-3.86105441393215	0
-3.8599434493183	0
-3.85883217410416	0
-3.85772058797591	0
-3.85660869061917	0
-3.85549648171893	0
-3.85438396095959	0
-3.85327112802493	0
-3.85215798259817	0
-3.85104452436188	0
-3.84993075299803	0
-3.848816668188	0
-3.84770226961253	0
-3.84658755695177	0
-3.84547252988524	0
-3.84435718809186	0
-3.84324153124991	0
-3.84212555903705	0
-3.84100927113035	0
-3.8398926672062	0
-3.83877574694042	0
-3.83765851000819	0
-3.83654095608401	0
-3.83542308484182	0
-3.83430489595488	0
-3.83318638909584	0
-3.83206756393669	0
-3.8309484201488	0
-3.82982895740289	0
-3.82870917536905	0
-3.82758907371669	0
-3.82646865211463	0
-3.825347910231	0
-3.82422684773328	0
-3.82310546428833	0
-3.82198375956231	0
-3.82086173322078	0
-3.81973938492859	0
-3.81861671434996	0
-3.81749372114844	0
-3.81637040498692	0
-3.81524676552762	0
-3.81412280243209	0
-3.81299851536123	0
-3.81187390397524	0
-3.81074896793367	0
-3.80962370689538	0
-3.80849812051855	0
-3.8073722084607	0
-3.80624597037867	0
-3.80511940592857	0
-3.8039925147659	0
-3.8028652965454	0
-3.80173775092116	0
-3.80060987754658	0
-3.79948167607435	0
-3.79835314615646	0
-3.79722428744424	0
-3.79609509958827	0
-3.79496558223847	0
-3.79383573504402	0
-3.79270555765342	0
-3.79157504971446	0
-3.79044421087421	0
-3.78931304077903	0
-3.78818153907456	0
-3.78704970540573	0
-3.78591753941677	0
-3.78478504075115	0
-3.78365220905163	0
-3.78251904396028	0
-3.78138554511838	0
-3.78025171216654	0
-3.77911754474459	0
-3.77798304249165	0
-3.77684820504612	0
-3.77571303204562	0
-3.77457752312707	0
-3.77344167792662	0
-3.77230549607966	0
-3.77116897722088	0
-3.77003212098419	0
-3.76889492700274	0
-3.76775739490893	0
-3.76661952433445	0
-3.76548131491015	0
-3.76434276626618	0
-3.76320387803189	0
-3.76206464983589	0
-3.76092508130601	0
-3.7597851720693	0
-3.75864492175205	0
-3.75750432997977	0
-3.75636339637719	0
-3.75522212056825	0
-3.75408050217614	0
-3.75293854082322	0
-3.75179623613111	0
-3.75065358772058	0
-3.74951059521167	0
-3.74836725822357	0
-3.74722357637472	0
-3.74607954928273	0
-3.7449351765644	0
-3.74379045783576	0
-3.742645392712	0
-3.74149998080752	0
-3.74035422173588	0
-3.73920811510987	0
-3.73806166054141	0
-3.73691485764164	0
-3.73576770602084	0
-3.73462020528851	0
-3.73347235505329	0
-3.73232415492299	0
-3.7311756045046	0
-3.73002670340425	0
-3.72887745122728	0
-3.72772784757812	0
-3.72657789206041	0
-3.72542758427692	0
-3.72427692382958	0
-3.72312591031947	0
-3.72197454334678	0
-3.7208228225109	0
-3.71967074741032	0
-3.71851831764266	0
-3.71736553280472	0
-3.71621239249238	0
-3.71505889630068	0
-3.71390504382378	0
-3.71275083465495	0
-3.71159626838659	0
-3.71044134461022	0
-3.70928606291648	0
-3.70813042289509	0
-3.70697442413492	0
-3.70581806622391	0
-3.70466134874914	0
-3.70350427129675	0
-3.70234683345202	0
-3.70118903479927	0
-3.70003087492197	0
-3.69887235340264	0
-3.69771346982289	0
-3.69655422376344	0
-3.69539461480403	0
-3.69423464252354	0
-3.69307430649989	0
-3.69191360631008	0
-3.69075254153018	0
-3.68959111173531	0
-3.68842931649965	0
-3.68726715539646	0
-3.68610462799805	0
-3.68494173387577	0
-3.68377847260001	0
-3.68261484374023	0
-3.68145084686491	0
-3.68028648154159	0
-3.67912174733685	0
-3.67795664381627	0
-3.67679117054448	0
-3.67562532708513	0
-3.67445911300091	0
-3.67329252785353	0
-3.67212557120367	0
-3.67095824261109	0
-3.66979054163451	0
-3.66862246783169	0
-3.66745402075938	0
-3.6662851999733	0
-3.66511600502822	0
-3.66394643547789	0
-3.66277649087501	0
-3.66160617077131	0
-3.66043547471751	0
-3.65926440226326	0
-3.65809295295722	0
-3.65692112634703	0
-3.65574892197927	0
-3.65457633939953	0
-3.65340337815231	0
-3.65223003778112	0
-3.65105631782837	0
-3.64988221783548	0
-3.6487077373428	0
-3.64753287588958	0
-3.64635763301406	0
-3.64518200825342	0
-3.64400600114375	0
-3.64282961122007	0
-3.64165283801634	0
-3.64047568106544	0
-3.63929813989918	0
-3.63812021404825	0
-3.63694190304229	0
-3.63576320640982	0
-3.6345841236783	0
-3.63340465437404	0
-3.6322247980223	0
-3.63104455414719	0
-3.62986392227173	0
-3.62868290191782	0
-3.62750149260626	0
-3.62631969385668	0
-3.62513750518764	0
-3.62395492611653	0
-3.62277195615963	0
-3.62158859483207	0
-3.62040484164783	0
-3.61922069611976	0
-3.61803615775955	0
-3.61685122607774	0
-3.61566590058371	0
-3.61448018078568	0
-3.6132940661907	0
-3.61210755630465	0
-3.61092065063224	0
-3.60973334867699	0
-3.60854564994125	0
-3.60735755392618	0
-3.60616906013175	0
-3.60498016805672	0
-3.60379087719867	0
-3.60260118705395	0
-3.60141109711775	0
-3.600220606884	0
-3.59902971584542	0
-3.59783842349353	0
-3.59664672931861	0
-3.59545463280972	0
-3.59426213345466	0
-3.59306923074004	0
-3.59187592415116	0
-3.59068221317213	0
-3.58948809728578	0
-3.58829357597369	0
-3.5870986487162	0
-3.58590331499233	0
-3.58470757427989	0
-3.58351142605537	0
-3.582314869794	0
-3.58111790496973	0
-3.57992053105522	0
-3.57872274752183	0
-3.57752455383962	0
-3.57632594947736	0
-3.57512693390249	0
-3.57392750658115	0
-3.57272766697819	0
-3.57152741455708	0
-3.57032674878002	0
-3.56912566910785	0
-3.56792417500006	0
-3.56672226591483	0
-3.56551994130899	0
-3.56431720063799	0
-3.56311404335595	0
-3.56191046891561	0
-3.56070647676837	0
-3.55950206636425	0
-3.55829723715186	0
-3.55709198857847	0
-3.55588632008996	0
-3.55468023113079	0
-3.55347372114405	0
-3.55226678957141	0
-3.55105943585314	0
-3.54985165942812	0
-3.54864345973376	0
-3.54743483620609	0
-3.5462257882797	0
-3.54501631538774	0
-3.54380641696194	0
-3.54259609243254	0
-3.5413853412284	0
-3.54017416277686	0
-3.53896255650383	0
-3.53775052183375	0
-3.53653805818958	0
-3.53532516499282	0
-3.53411184166346	0
-3.53289808762002	0
-3.53168390227954	0
-3.53046928505752	0
-3.52925423536799	0
-3.52803875262344	0
-3.52682283623486	0
-3.52560648561173	0
-3.52438970016196	0
-3.52317247929197	0
-3.52195482240662	0
-3.52073672890921	0
-3.51951819820151	0
-3.51829922968372	0
-3.51707982275446	0
-3.51585997681083	0
-3.5146396912483	0
-3.51341896546078	0
-3.5121977988406	0
-3.51097619077846	0
-3.50975414066351	0
-3.50853164788324	0
-3.50730871182359	0
-3.5060853318688	0
-3.50486150740156	0
-3.50363723780286	0
-3.50241252245213	0
-3.50118736072706	0
-3.49996175200378	0
-3.4987356956567	0
-3.49750919105859	0
-3.49628223758054	0
-3.49505483459197	0
-3.49382698146062	0
-3.49259867755252	0
-3.49136992223202	0
-3.49014071486174	0
-3.48891105480264	0
-3.48768094141391	0
-3.48645037405305	0
-3.4852193520758	0
-3.48398787483618	0
-3.48275594168646	0
-3.48152355197716	0
-3.48029070505704	0
-3.47905740027309	0
-3.47782363697054	0
-3.47658941449281	0
-3.47535473218157	0
-3.47411958937665	0
-3.47288398541613	0
-3.47164791963625	0
-3.47041139137143	0
-3.46917439995428	0
-3.46793694471558	0
-3.46669902498425	0
-3.46546064008739	0
-3.46422178935024	0
-3.46298247209616	0
-3.46174268764666	0
-3.46050243532139	0
-3.45926171443806	0
-3.45802052431254	0
-3.4567788642588	0
-3.45553673358887	0
-3.45429413161289	0
-3.45305105763907	0
-3.45180751097368	0
-3.45056349092108	0
-3.44931899678364	0
-3.44807402786182	0
-3.4468285834541	0
-3.44558266285697	0
-3.44433626536496	0
-3.44308939027062	0
-3.44184203686449	0
-3.44059420443512	0
-3.43934589226904	0
-3.43809709965074	0
-3.43684782586273	0
-3.43559807018544	0
-3.43434783189726	0
-3.43309711027455	0
-3.43184590459158	0
-3.43059421412057	0
-3.42934203813164	0
-3.42808937589284	0
-3.42683622667011	0
-3.42558258972728	0
-3.42432846432609	0
-3.42307384972611	0
-3.42181874518484	0
-3.42056314995756	0
-3.41930706329748	0
-3.41805048445557	0
-3.4167934126807	0
-3.41553584721952	0
-3.4142777873165	0
-3.41301923221391	0
-3.41176018115183	0
-3.41050063336811	0
-3.40924058809836	0
-3.40798004457598	0
-3.40671900203212	0
-3.40545745969566	0
-3.40419541679322	0
-3.40293287254917	0
-3.40166982618555	0
-3.40040627692215	0
-3.39914222397643	0
-3.39787766656356	0
-3.39661260389635	0
-3.39534703518531	0
-3.39408095963859	0
-3.39281437646197	0
-3.3915472848589	0
-3.39027968403044	0
-3.38901157317525	0
-3.38774295148962	0
-3.3864738181674	0
-3.38520417240005	0
-3.38393401337661	0
-3.38266334028365	0
-3.38139215230531	0
-3.38012044862327	0
-3.37884822841673	0
-3.37757549086243	0
-3.37630223513458	0
-3.37502846040493	0
-3.37375416584267	0
-3.3724793506145	0
-3.37120401388456	0
-3.36992815481447	0
-3.36865177256325	0
-3.36737486628737	0
-3.36609743514072	0
-3.36481947827459	0
-3.36354099483767	0
-3.36226198397601	0
-3.36098244483306	0
-3.35970237654959	0
-3.35842177826377	0
-3.35714064911105	0
-3.35585898822425	0
-3.35457679473345	0
-3.35329406776606	0
-3.35201080644678	0
-3.35072700989756	0
-3.34944267723762	0
-3.34815780758344	0
-3.34687240004872	0
-3.34558645374439	0
-3.34429996777858	0
-3.34301294125663	0
-3.34172537328106	0
-3.34043726295157	0
-3.339148609365	0
-3.33785941161534	0
-3.33656966879372	0
-3.33527937998838	0
-3.33398854428468	0
-3.33269716076506	0
-3.33140522850902	0
-3.33011274659317	0
-3.32881971409113	0
-3.32752613007358	0
-3.3262319936082	0
-3.32493730375972	0
-3.32364205958983	0
-3.3223462601572	0
-3.32104990451748	0
-3.31975299172328	0
-3.31845552082414	0
-3.31715749086651	0
-3.31585890089377	0
-3.31455974994619	0
-3.31326003706091	0
-3.31195976127194	0
-3.31065892161014	0
-3.30935751710322	0
-3.30805554677568	0
-3.30675300964885	0
-3.30544990474083	0
-3.30414623106652	0
-3.30284198763756	0
-3.30153717346231	0
-3.30023178754592	0
-3.29892582889019	0
-3.29761929649365	0
-3.29631218935149	0
-3.29500450645559	0
-3.29369624679444	0
-3.2923874093532	0
-3.29107799311361	0
-3.28976799705403	0
-3.28845742014941	0
-3.28714626137123	0
-3.28583451968754	0
-3.28452219406294	0
-3.28320928345851	0
-3.28189578683184	0
-3.280581703137	0
-3.27926703132453	0
-3.2779517703414	0
-3.27663591913102	0
-3.27531947663321	0
-3.27400244178416	0
-3.27268481351647	0
-3.27136659075906	0
-3.27004777243723	0
-3.26872835747253	0
-3.2674083447829	0
-3.26608773328248	0
-3.26476652188175	0
-3.26344470948736	0
-3.26212229500225	0
-3.26079927732553	0
-3.2594756553525	0
-3.25815142797464	0
-3.2568265940796	0
-3.25550115255111	0
-3.25417510226905	0
-3.25284844210937	0
-3.2515211709441	0
-3.25019328764133	0
-3.24886479106516	0
-3.24753568007573	0
-3.24620595352912	0
-3.24487561027744	0
-3.2435446491687	0
-3.24221306904686	0
-3.24088086875179	0
-3.23954804711924	0
-3.23821460298081	0
-3.23688053516399	0
-3.23554584249202	0
-3.234210523784	0
-3.23287457785479	0
-3.23153800351499	0
-3.23020079957096	0
-3.22886296482475	0
-3.22752449807413	0
-3.22618539811248	0
-3.22484566372888	0
-3.22350529370801	0
-3.22216428683015	0
-3.22082264187115	0
-3.21948035760241	0
-3.21813743279087	0
-3.21679386619897	0
-3.21544965658462	0
-3.21410480270119	0
-3.2127593032975	0
-3.21141315711777	0
-3.21006636290158	0
-3.2087189193839	0
-3.20737082529501	0
-3.20602207936051	0
-3.2046726803013	0
-3.20332262683352	0
-3.20197191766852	0
-3.20062055151291	0
-3.19926852706844	0
-3.19791584303203	0
-3.19656249809573	0
-3.1952084909467	0
-3.19385382026714	0
-3.19249848473434	0
-3.19114248302059	0
-3.18978581379319	0
-3.1884284757144	0
-3.18707046744141	0
-3.18571178762632	0
-3.18435243491614	0
-3.18299240795272	0
-3.18163170537273	0
-3.18027032580763	0
-3.1789082678837	0
-3.1775455302219	0
-3.17618211143794	0
-3.17481801014219	0
-3.17345322493969	0
-3.17208775443009	0
-3.17072159720764	0
-3.16935475186116	0
-3.16798721697397	0
-3.16661899112393	0
-3.16525007288336	0
-3.16388046081899	0
-3.162510153492	0
-3.16113914945791	0
-3.15976744726661	0
-3.15839504546229	0
-3.15702194258342	0
-3.15564813716272	0
-3.15427362772713	0
-3.15289841279774	0
-3.15152249088984	0
-3.15014586051278	0
-3.14876852017003	0
-3.1473904683591	0
-3.14601170357149	0
-3.1446322242927	0
-3.14325202900216	0
-3.14187111617321	0
-3.14048948427308	0
-3.1391071317628	0
-3.13772405709723	0
-3.13634025872499	0
-3.13495573508842	0
-3.13357048462355	0
-3.13218450576008	0
-3.13079779692131	0
-3.12941035652414	0
-3.12802218297898	0
-3.12663327468977	0
-3.12524363005392	0
-3.12385324746222	0
-3.12246212529892	0
-3.12107026194155	0
-3.11967765576098	0
-3.11828430512137	0
-3.11689020838006	0
-3.11549536388761	0
-3.11409976998773	0
-3.11270342501721	0
-3.11130632730593	0
-3.10990847517677	0
-3.10850986694561	0
-3.10711050092126	0
-3.10571037540543	0
-3.10430948869266	0
-3.10290783907034	0
-3.10150542481858	0
-3.10010224421024	0
-3.09869829551084	0
-3.09729357697855	0
-3.09588808686409	0
-3.09448182341077	0
-3.09307478485436	0
-3.09166696942307	0
-3.09025837533754	0
-3.08884900081076	0
-3.08743884404801	0
-3.08602790324683	0
-3.08461617659698	0
-3.08320366228039	0
-3.08179035847109	0
-3.08037626333516	0
-3.07896137503074	0
-3.07754569170787	0
-3.07612921150857	0
-3.07471193256668	0
-3.07329385300785	0
-3.07187497094951	0
-3.07045528450078	0
-3.06903479176246	0
-3.0676134908269	0
-3.06619137977805	0
-3.06476845669133	0
-3.0633447196336	0
-3.0619201666631	0
-3.06049479582939	0
-3.05906860517335	0
-3.05764159272702	0
-3.05621375651362	0
-3.05478509454749	0
-3.05335560483398	0
-3.05192528536945	0
-3.0504941341412	0
-3.04906214912737	0
-3.04762932829692	0
-3.04619566960955	0
-3.04476117101569	0
-3.04332583045632	0
-3.04188964586307	0
-3.04045261515801	0
-3.03901473625367	0
-3.03757600705298	0
-3.03613642544914	0
-3.03469598932564	0
-3.03325469655612	0
-3.03181254500436	0
-3.03036953252418	0
-3.02892565695938	0
-3.02748091614371	0
-3.02603530790072	0
-3.0245888300438	0
-3.023141480376	0
-3.02169325669003	0
-3.02024415676819	0
-3.01879417838227	0
-3.01734331929348	0
-3.0158915772524	0
-3.0144389499989	0
-3.01298543526206	0
-3.01153103076008	0
-3.01007573420024	0
-3.00861954327881	0
-3.00716245568098	0
-3.00570446908074	0
-3.00424558114088	0
-3.00278578951284	0
-3.00132509183668	0
-2.99986348574097	0
-2.99840096884273	0
-2.99693753874733	0
-2.99547319304844	0
-2.99400792932789	0
-2.99254174515567	0
-2.99107463808976	0
-2.9896066056761	0
-2.9881376454485	0
-2.98666775492852	0
-2.98519693162542	0
-2.98372517303607	0
-2.98225247664482	0
-2.98077883992346	0
-2.97930426033111	0
-2.97782873531414	0
-2.97635226230602	0
-2.97487483872733	0
-2.97339646198558	0
-2.97191712947516	0
-2.9704368385772	0
-2.96895558665956	0
-2.96747337107661	0
-2.96599018916925	0
-2.96450603826474	0
-2.96302091567662	0
-2.96153481870461	0
-2.9600477446345	0
-2.95855969073808	0
-2.95707065427296	0
-2.95558063248256	0
-2.95408962259594	0
-2.95259762182771	0
-2.95110462737794	0
-2.94961063643202	0
-2.94811564616056	0
-2.94661965371929	0
-2.94512265624897	0
-2.94362465087521	0
-2.94212563470839	0
-2.94062560484359	0
-2.93912455836039	0
-2.93762249232283	0
-2.93611940377922	0
-2.93461528976208	0
-2.93311014728798	0
-2.93160397335744	0
-2.93009676495481	0
-2.9285885190481	0
-2.92707923258891	0
-2.92556890251226	0
-2.92405752573651	0
-2.92254509916318	0
-2.92103161967684	0
-2.91951708414498	0
-2.91800148941786	0
-2.91648483232842	0
-2.91496710969207	0
-2.91344831830662	0
-2.91192845495209	0
-2.91040751639061	0
-2.90888549936627	0
-2.90736240060493	0
-2.90583821681413	0
-2.90431294468293	0
-2.90278658088174	0
-2.90125912206219	0
-2.89973056485699	0
-2.89820090587973	0
-2.89667014172479	0
-2.8951382689671	0
-2.89360528416209	0
-2.89207118384544	0
-2.89053596453296	0
-2.8889996227204	0
-2.88746215488333	0
-2.88592355747693	0
-2.88438382693584	0
-2.882842959674	0
-2.88130095208446	0
-2.87975780053922	0
-2.87821350138903	0
-2.87666805096326	0
-2.87512144556964	0
-2.8735736814942	0
-2.87202475500096	0
-2.87047466233185	0
-2.86892339970642	0
-2.86737096332176	0
-2.86581734935222	0
-2.86426255394926	0
-2.86270657324124	0
-2.86114940333324	0
-2.85959104030685	0
-2.85803148021995	0
-2.85647071910654	0
-2.8549087529765	0
-2.85334557781539	0
-2.85178118958428	0
-2.85021558421948	0
-2.84864875763232	0
-2.84708070570901	0
-2.84551142431032	0
-2.84394090927144	0
-2.84236915640169	0
-2.84079616148433	0
-2.83922192027631	0
-2.83764642850806	0
-2.83606968188323	0
-2.83449167607845	0
-2.8329124067431	0
-2.83133186949908	0
-2.82975005994051	0
-2.82816697363356	0
-2.8265826061161	0
-2.82499695289754	0
-2.82341000945849	0
-2.82182177125055	0
-2.82023223369604	0
-2.8186413921877	0
-2.81704924208844	0
-2.81545577873107	0
-2.81386099741801	0
-2.81226489342102	0
-2.81066746198089	0
-2.8090686983072	0
-2.80746859757797	0
-2.80586715493941	0
-2.8042643655056	0
-2.80266022435819	0
-2.80105472654609	0
-2.7994478670852	0
-2.79783964095801	0
-2.79623004311339	0
-2.79461906846616	0
-2.79300671189685	0
-2.79139296825135	0
-2.78977783234053	0
-2.78816129893998	0
-2.7865433627896	0
-2.7849240185933	0
-2.78330326101858	0
-2.78168108469631	0
-2.78005748422021	0
-2.77843245414662	0
-2.77680598899404	0
-2.77517808324281	0
-2.77354873133469	0
-2.77191792767253	0
-2.77028566661985	0
-2.76865194250044	0
-2.76701674959799	0
-2.76538008215565	0
-2.76374193437567	0
-2.76210230041895	0
-2.76046117440464	0
-2.75881855040968	0
-2.75717442246846	0
-2.75552878457225	0
-2.75388163066891	0
-2.7522329546623	0
-2.75058275041194	0
-2.74893101173249	0
-2.74727773239331	0
-2.74562290611797	0
-2.74396652658379	0
-2.74230858742135	0
-2.74064908221401	0
-2.73898800449738	0
-2.73732534775886	0
-2.73566110543711	0
-2.73399527092152	0
-2.73232783755171	0
-2.73065879861699	0
-2.72898814735581	0
-2.72731587695521	0
-2.72564198055031	0
-2.72396645122368	0
-2.72228928200484	0
-2.72061046586963	0
-2.71892999573965	0
-2.71724786448166	0
-2.71556406490698	0
-2.71387858977088	0
-2.71219143177195	0
-2.7105025835515	0
-2.70881203769288	0
-2.70711978672088	0
-2.70542582310103	0
-2.70373013923899	0
-2.7020327274798	0
-2.70033358010728	0
-2.69863268934327	0
-2.69693004734696	0
-2.69522564621416	0
-2.69351947797659	0
-2.69181153460111	0
-2.69010180798903	0
-2.6883902899753	0
-2.68667697232776	0
-2.68496184674637	0
-2.68324490486241	0
-2.68152613823765	0
-2.67980553836357	0
-2.67808309666052	0
-2.67635880447688	0
-2.67463265308819	0
-2.6729046336963	0
-2.67117473742849	0
-2.66944295533656	0
-2.66770927839594	0
-2.66597369750474	0
-2.66423620348285	0
-2.66249678707098	0
-2.66075543892965	0
-2.65901214963829	0
-2.65726690969417	0
-2.65551970951141	0
-2.65377053941996	0
-2.65201938966457	0
-2.6502662504037	0
-2.64851111170842	0
-2.6467539635614	0
-2.64499479585569	0
-2.64323359839367	0
-2.64147036088585	0
-2.63970507294972	0
-2.63793772410858	0
-2.63616830379028	0
-2.63439680132605	0
-2.63262320594921	0
-2.63084750679393	0
-2.62906969289391	0
-2.62728975318108	0
-2.62550767648429	0
-2.62372345152792	0
-2.62193706693052	0
-2.62014851120339	0
-2.61835777274915	0
-2.61656483986033	0
-2.61476970071786	0
-2.61297234338953	0
-2.61117275582856	0
-2.60937092587194	0
-2.60756684123892	0
-2.60576048952938	0
-2.60395185822216	0
-2.60214093467345	0
-2.60032770611504	0
-2.59851215965264	0
-2.59669428226405	0
-2.59487406079746	0
-2.59305148196957	0
-2.59122653236376	0
-2.58939919842816	0
-2.58756946647379	0
-2.58573732267255	0
-2.58390275305523	0
-2.58206574350953	0
-2.58022627977792	0
-2.57838434745557	0
-2.57653993198819	0
-2.57469301866987	0
-2.5728435926408	0
-2.57099163888505	0
-2.56913714222821	0
-2.56728008733507	0
-2.56542045870719	0
-2.56355824068046	0
-2.56169341742259	0
-2.5598259729306	0
-2.55795589102815	0
-2.55608315536298	0
-2.55420774940414	0
-2.55232965643928	0
-2.55044885957182	0
-2.54856534171812	0
-2.54667908560447	0
-2.54479007376424	0
-2.54289828853472	0
-2.54100371205408	0
-2.53910632625822	0
-2.53720611287747	0
-2.53530305343338	0
-2.53339712923525	0
-2.53148832137682	0
-2.52957661073264	0
-2.52766197795457	0
-2.52574440346809	0
-2.5238238674686	0
-2.52190034991754	0
-2.51997383053856	0
-2.51804428881352	0
-2.51611170397842	0
-2.51417605501923	0
-2.5122373206677	0
-2.51029547939697	0
-2.50835050941717	0
-2.50640238867086	0
-2.50445109482844	0
-2.50249660528339	0
-2.50053889714742	0
-2.49857794724557	0
-2.49661373211107	0
-2.49464622798026	0
-2.49267541078719	0
-2.49070125615829	0
-2.48872373940678	0
-2.486742835527	0
-2.48475851918865	0
-2.48277076473078	0
-2.48077954615576	0
-2.47878483712305	0
-2.4767866109428	0
-2.47478484056934	0
-2.47277949859451	0
-2.47077055724078	0
-2.46875798835427	0
-2.46674176339755	0
-2.46472185344225	0
-2.46269822916158	0
-2.46067086082253	0
-2.45863971827798	0
-2.45660477095857	0
-2.45456598786435	0
-2.45252333755626	0
-2.45047678814733	0
-2.44842630729375	0
-2.44637186218556	0
-2.44431341953727	0
-2.4422509455781	0
-2.44018440604202	0
-2.43811376615753	0
-2.43603899063714	0
-2.43396004366657	0
-2.43187688889372	0
-2.42978948941723	0
-2.4276978077748	0
-2.42560180593124	0
-2.42350144526601	0
-2.42139668656065	0
-2.41928748998563	0
-2.41717381508702	0
-2.41505562077265	0
-2.4129328652979	0
-2.41080550625119	0
-2.40867350053886	0
-2.40653680436978	0
-2.40439537323945	0
-2.40224916191355	0
-2.40009812441115	0
-2.39794221398735	0
-2.39578138311529	0
-2.39361558346783	0
-2.39144476589855	0
-2.38926888042207	0
-2.38708787619398	0
-2.38490170148999	0
-2.38271030368447	0
-2.3805136292283	0
-2.37831162362609	0
-2.3761042314125	0
-2.37389139612802	0
-2.37167306029378	0
-2.36944916538564	0
-2.36721965180738	0
-2.36498445886303	0
-2.36274352472824	0
-2.3604967864207	0
-2.35824417976962	0
-2.35598563938403	0
-2.35372109862014	0
-2.35145048954743	0
-2.34917374291368	0
-2.34689078810866	0
-2.34460155312662	0
-2.34230596452735	0
-2.3400039473959	0
-2.33769542530083	0
-2.33538032025088	0
-2.33305855265009	0
-2.33073004125121	0
-2.32839470310741	0
-2.32605245352208	0
-2.32370320599676	0
-2.3213468721771	0
-2.31898336179663	0
-2.31661258261837	0
-2.31423444037416	0
-2.31184883870152	0
-2.30945567907794	0
-2.30705486075263	0
-2.3046462806753	0
-2.30222983342212	0
-2.29980541111851	0
-2.29737290335873	0
-2.29493219712202	0
-2.29248317668512	0
-2.29002572353103	0
-2.28755971625377	0
-2.28508503045884	0
-2.28260153865944	0
-2.28010911016774	0
-2.2776076109814	0
-2.2750969036648	0
-2.27257684722468	0
-2.27004729698006	0
-2.26750810442587	0
-2.26495911709011	0
-2.26240017838402	0
-2.25983112744494	0
-2.25725179897136	0
-2.25466202304971	0
-2.25206162497242	0
-2.24945042504644	0
-2.24682823839214	0
-2.24419487473144	0
-2.2415501381647	0
-2.23889382693575	0
-2.23622573318402	0
-2.23354564268309	0
-2.23085333456462	0
-2.22814858102677	0
-2.22543114702594	0
-2.22270078995064	0
-2.21995725927624	0
-2.21720029619933	0
-2.21442963324985	0
-2.2116449938798	0
-2.20884609202637	0
-2.20603263164772	0
-2.20320430622922	0
-2.2003607982579	0
-2.19750177866245	0
-2.1946269062161	0
-2.19173582689921	0
-2.18882817321828	0
-2.18590356347762	0
-2.18296160099968	0
-2.18000187328953	0
-2.1770239511383	0
-2.17402738766051	0
-2.17101171725873	0
-2.16797645450903	0
-2.16492109295977	0
-2.16184510383498	0
-2.15874793463331	0
-2.15562900761187	0
-2.15248771814321	0
-2.14932343293224	0
-2.14613548807825	0
-2.14292318696515	0
-2.1396857979612	0
-2.13642255190633	0
-2.13313263936322	0
-2.12981520760364	0
-2.12646935729902	0
-2.12309413887822	0
-2.1196885485113	0
-2.11625152367088	0
-2.11278193821559	0
-2.10927859693122	0
-2.10574022945464	0
-2.10216548349287	0
-2.09855291723494	0
-2.09490099083566	0
-2.09120805682898	0
-2.08747234930138	0
-2.08369197162399	0
-2.07986488250131	0
-2.07598888004557	0
-2.07206158352417	0
-2.06808041235047	0
-2.06404256179171	0
-2.05994497474416	0
-2.05578430876855	0
-2.05155689737487	0
-2.04725870428114	0
-2.04288526902169	0
-2.03843164181783	0
-2.03389230500035	0
-2.02926107742625	0
-2.02453099716316	0
-2.01969417607889	0
-2.01474161764784	0
-2.00966298592054	0
-2.0044463086351	0
-1.99907758996187	0
-1.99354029680218	0
-1.98781466419437	0
-1.98187673529241	0
-1.97569700030864	0
-1.96923840843202	0
-1.96245335878836	0
-1.95527894563377	0
-1.94762903286292	0
-1.93938011295437	0
-1.93034369612827	0
-1.9202051639847	0
-1.90835977895129	0
-1.89329375068397	0
-1.86551464951748	0
-1.85493876283614	0.0342251279141915
-1.85424918454723	0.0493967864804006
-1.85355935732238	0.0608958535445603
-1.85286928089585	0.0705418057676642
-1.85217895500145	0.0790162404020686
-1.85148837937253	0.0866635114897874
-1.85079755374194	0.0936863910904047
-1.85010647784207	0.100216230158539
-1.84941515140484	0.10634388812948
-1.84872357416169	0.112135314350942
-1.84803174584359	0.117640175602948
-1.84733966618103	0.122896984088952
-1.84664733490402	0.127936318738792
-1.84595475174209	0.132782940768247
-1.84526191642429	0.137457234795762
-1.84456882867919	0.141976221062876
-1.84387548823488	0.146354285164801
-1.84318189481895	0.15060371606194
-1.84248804815853	0.154735110562642
-1.84179394798023	0.15875768267943
-1.84109959401021	0.162679503852874
-1.84040498597411	0.166507692037882
-1.8397101235971	0.170248562359982
-1.83901500660384	0.173907748478033
-1.83831963471852	0.177490301328067
-1.83762400766481	0.181000770197231
-1.8369281251659	0.184443269845356
-1.83623198694449	0.187821536501306
-1.83553559272277	0.191138974908562
-1.83483894222242	0.194398698108763
-1.83414203516466	0.197603561288326
-1.83344487127016	0.200756190736329
-1.83274745025912	0.203859008750143
-1.83204977185123	0.206914255160894
-1.83135183576566	0.209924006023347
-1.83065364172109	0.212890189913747
-1.82995518943569	0.215814602199475
-1.82925647862711	0.218698917580899
-1.8285575090125	0.221544701154213
-1.8278582803085	0.224353418203395
-1.82715879223123	0.22712644289487
-1.82645904449629	0.229865066021939
-1.82575903681877	0.232570501922664
-1.82505876891326	0.235243894676582
-1.82435824049381	0.237886323670263
-1.82365745127396	0.240498808608221
-1.82295640096672	0.243082314035567
-1.82225508928459	0.245637753429247
-1.82155351593955	0.248165992907008
-1.82085168064303	0.250667854597098
-1.82014958310596	0.253144119705597
-1.81944722303874	0.255595531314214
-1.81874460015122	0.258022796936613
-1.81804171415275	0.260426590858579
-1.81733856475212	0.262807556283713
-1.8166351516576	0.265166307304181
-1.81593147457694	0.267503430713664
-1.81522753321732	0.269819487677555
-1.81452332728542	0.272115015273979
-1.81381885648736	0.274390527917792
-1.81311412052873	0.276646518677907
-1.81240911911457	0.278883460497867
-1.81170385194938	0.281101807328095
-1.81099831873712	0.283301995177422
-1.81029251918121	0.285484443091011
-1.80958645298451	0.287649554060707
-1.80888011984934	0.289797715873511
-1.80817351947747	0.29192930190324
-1.80746665157012	0.294044671849932
-1.80675951582795	0.296144172431218
-1.80605211195107	0.298228138029316
-1.80534443963906	0.300296891297096
-1.8046364985909	0.302350743726525
-1.80392828850504	0.304389996181993
-1.80321980907936	0.306414939401386
-1.80251106001118	0.308425854467191
-1.80180204099727	0.310423013249697
-1.80109275173382	0.312406678824463
-1.80038319191647	0.314377105865705
-1.79967336124028	0.316334541017324
-1.79896325939974	0.318279223243182
-1.79825288608879	0.320211384157886
-1.79754224100078	0.322131248339554
-1.79683132382849	0.324039033625582
-1.79612013426413	0.325934951392646
-1.79540867199934	0.327819206821965
-1.79469693672518	0.329691999150613
-1.79398492813212	0.33155352190996
-1.79327264591006	0.333403963151894
-1.79256008974831	0.335243505663678
-1.79184725933562	0.337072327172024
-1.79113415436013	0.338890600537193
-1.79042077450941	0.340698493937522
-1.78970711947042	0.342496171045125
-1.78899318892956	0.344283791193182
-1.78827898257262	0.346061509535263
-1.7875645000848	0.347829477197313
-1.78684974115071	0.349587841422496
-1.78613470545438	0.35133674570949
-1.7854193926792	0.35307632994442
-1.784703802508	0.354806730526967
-1.78398793462301	0.356528080490785
-1.78327178870583	0.35824050961869
-1.78255536443748	0.359944144552759
-1.78183866149836	0.361639108899737
-1.78112167956828	0.363325523331902
-1.78040441832644	0.365003505683663
-1.77968687745141	0.366673171044104
-1.77896905662117	0.368334631845706
-1.77825095551307	0.369987997949381
-1.77753257380386	0.37163337672603
-1.77681391116968	0.373270873134857
-1.77609496728603	0.374900589798476
-1.7753757418278	0.376522627075081
-1.77465623446926	0.378137083127751
-1.77393644488407	0.379744053991048
-1.77321637274523	0.381343633635071
-1.77249601772516	0.382935914026984
-1.77177537949563	0.384520985190279
-1.77105445772775	0.386098935261762
-1.77033325209206	0.387669850546385
-1.76961176225842	0.389233815570106
-1.76888998789607	0.390790913130762
-1.76816792867363	0.392341224347064
-1.76744558425905	0.393884828705882
-1.76672295431967	0.395421804107774
-1.76600003852217	0.396952226910914
-1.76527683653259	0.398476171973458
-1.76455334801634	0.399993712694472
-1.76382957263816	0.401504921053345
-1.76310551006216	0.403009867647918
-1.76238115995179	0.404508621731264
-1.76165652196985	0.406001251247263
-1.7609315957785	0.407487822864899
-1.76020638103922	0.408968402011506
-1.75948087741285	0.410443052904792
-1.75875508455957	0.411911838583931
-1.75802900213889	0.413374820939542
-1.75730262980968	0.414832060742716
-1.75657596723011	0.416283617673163
-1.75584901405771	0.417729550346323
-1.75512176994935	0.419169916339795
-1.7543942345612	0.420604772218755
-1.75366640754878	0.422034173560696
-1.75293828856693	0.42345817497935
-1.75220987726983	0.42487683014785
-1.75148117331095	0.426290191821232
-1.75075217634311	0.427698311858205
-1.75002288601845	0.429101241242272
-1.7492933019884	0.430499030102234
-1.74856342390374	0.431891727732065
-1.74783325141454	0.43327938261017
-1.74710278417019	0.434662042418138
-1.74637202181938	0.436039754058866
-1.74564096401013	0.437412563674228
-1.74490961038976	0.438780516662179
-1.74417796060487	0.440143657693409
-1.74344601430139	0.44150203072746
-1.74271377112454	0.442855679028468
-1.74198123071884	0.444204645180383
-1.74124839272811	0.445548971101807
-1.74051525679545	0.446888698060406
-1.73978182256327	0.448223866686924
-1.73904808967327	0.449554516988802
-1.73831405776643	0.450880688363431
-1.73757972648302	0.452202419611059
-1.73684509546259	0.453519748947308
-1.73611016434398	0.454832714015416
-1.73537493276531	0.456141351898075
-1.73463940036398	0.457445699129035
-1.73390356677667	0.458745791704333
-1.73316743163932	0.460041665093274
-1.73243099458716	0.461333354249099
-1.73169425525468	0.462620893619389
-1.73095721327563	0.463904317156198
-1.73021986828307	0.46518365832591
-1.72948221990927	0.466458950118881
-1.72874426778579	0.467730225058801
-1.72800601154346	0.468997515211828
-1.72726745081234	0.470260852195507
-1.72652858522177	0.471520267187464
-1.72578941440035	0.472775790933847
-1.7250499379759	0.474027453757633
-1.72431015557552	0.47527528556665
-1.72357006682554	0.476519315861456
-1.72282967135156	0.477759573743019
-1.72208896877839	0.478996087920186
-1.72134795873012	0.480228886717002
-1.72060664083004	0.481457998079833
-1.71986501470071	0.482683449584355
-1.71912307996391	0.483905268442315
-1.71838083624065	0.485123481508187
-1.71763828315118	0.486338115285675
-1.71689542031499	0.487549195934013
-1.71615224735076	0.488756749274166
-1.71540876387643	0.489960800794881
-1.71466496950915	0.491161375658571
-1.71392086386529	0.492358498707106
-1.71317644656043	0.493552194467439
-1.71243171720938	0.494742487157141
-1.71168667542616	0.495929400689744
-1.71094132082399	0.497112958680057
-1.71019565301531	0.498293184449292
-1.70944967161177	0.499470101030099
-1.70870337622421	0.500643731171512
-1.70795676646269	0.501814097343747
-1.70720984193645	0.502981221742909
-1.70646260225394	0.504145126295645
-1.70571504702281	0.505305832663598
-1.70496717584989	0.506463362247859
-1.70421898834122	0.507617736193282
-1.703470484102	0.508768975392703
-1.70272166273664	0.509917100491077
-1.70197252384872	0.511062131889539
-1.70122306704102	0.512204089749365
-1.70047329191547	0.513342993995857
-1.69972319807321	0.51447886432214
-1.69897278511453	0.515611720192885
-1.69822205263889	0.516741580847975
-1.69747100024494	0.517868465306049
-1.69671962753048	0.518992392368016
-1.69596793409249	0.520113380620483
-1.69521591952709	0.521231448439124
-1.69446358342959	0.522346613991941
-1.69371092539442	0.523458895242515
-1.6929579450152	0.524568309953159
-1.69220464188469	0.525674875688022
-1.69145101559479	0.526778609816113
-1.69069706573656	0.527879529514282
-1.6899427919002	0.528977651770151
-1.68918819367505	0.530072993384948
-1.6884332706496	0.53116557097635
-1.68767802241148	0.532255400981201
-1.68692244854743	0.533342499658223
-1.68616654864335	0.534426883090666
-1.68541032228426	0.535508567188905
-1.6846537690543	0.536587567692973
-1.68389688853676	0.537663900175072
-1.68313968031401	0.538737580042025
-1.68238214396758	0.539808622537668
-1.68162427907811	0.540877042745225
-1.68086608522533	0.54194285558961
-1.6801075619881	0.543006075839719
-1.6793487089444	0.544066718110633
-1.6785895256713	0.545124796865836
-1.67783001174499	0.546180326419348
-1.67707016674073	0.547233320937842
-1.67630999023292	0.548283794442706
-1.67554948179502	0.549331760812098
-1.67478864099962	0.550377233782923
-1.67402746741837	0.551420226952801
-1.67326596062201	0.552460753782
-1.67250412018039	0.553498827595323
-1.67174194566242	0.554534461583964
-1.67097943663611	0.555567668807346
-1.67021659266852	0.556598462194895
-1.66945341332581	0.557626854547828
-1.6686898981732	0.558652858540849
-1.66792604677497	0.559676486723892
-1.6671618586945	0.560697751523758
-1.66639733349419	0.561716665245774
-1.66563247073553	0.562733240075408
-1.66486726997906	0.563747488079849
-1.66410173078438	0.564759421209579
-1.66333585271013	0.565769051299876
-1.66256963531401	0.566776390072373
-1.66180307815276	0.567781449136481
-1.66103618078218	0.568784239990885
-1.66026894275708	0.569784774024979
-1.65950136363133	0.570783062520233
-1.65873344295784	0.571779116651624
-1.65796518028854	0.572772947488972
-1.6571965751744	0.573764565998291
-1.65642762716539	0.574753983043101
-1.65565833581053	0.575741209385717
-1.65488870065786	0.576726255688545
-1.65411872125444	0.5777091325153
-1.65334839714631	0.578689850332287
-1.65257772787856	0.579668419509569
-1.65180671299528	0.580644850322194
-1.65103535203955	0.58161915295134
-1.65026364455348	0.582591337485505
-1.64949159007814	0.583561413921611
-1.64871918815364	0.584529392166151
-1.64794643831905	0.585495282036269
-1.64717334011245	0.586459093260861
-1.64639989307089	0.587420835481632
-1.64562609673043	0.588380518254146
-1.64485195062609	0.589338151048873
-1.64407745429188	0.590293743252179
-1.64330260726076	0.591247304167378
-1.64252740906469	0.592198843015653
-1.6417518592346	0.593148368937083
-1.64097595730036	0.594095890991573
-1.64019970279083	0.595041418159801
-1.6394230952338	0.595984959344146
-1.63864613415603	0.596926523369605
-1.63786881908325	0.597866118984682
-1.63709114954012	0.598803754862285
-1.63631312505023	0.599739439600596
-1.63553474513616	0.600673181723928
-1.63475600931939	0.601604989683574
-1.63397691712034	0.602534871858635
-1.63319746805838	0.603462836556857
-1.6324176616518	0.604388892015414
-1.63163749741782	0.605313046401745
-1.63085697487257	0.606235307814297
-1.63007609353112	0.607155684283333
-1.62929485290745	0.608074183771665
-1.62851325251444	0.608990814175442
-1.6277312918639	0.609905583324856
-1.62694897046652	0.610818498984893
-1.62616628783193	0.611729568856052
-1.62538324346862	0.612638800575038
-1.624599836884	0.61354620171548
-1.62381606758436	0.614451779788615
-1.6230319350749	0.615355542243958
-1.62224743885968	0.616257496469987
-1.62146257844166	0.617157649794785
-1.62067735332267	0.618056009486712
-1.61989176300341	0.618952582755023
-1.61910580698346	0.619847376750527
-1.61831948476127	0.620740398566188
-1.61753279583416	0.621631655237749
-1.61674573969828	0.622521153744345
-1.61595831584868	0.623408901009087
-1.61517052377922	0.624294903899664
-1.61438236298266	0.625179169228921
-1.61359383295055	0.626061703755435
-1.61280493317333	0.62694251418407
-1.61201566314026	0.627821607166551
-1.61122602233943	0.628698989302002
-1.61043601025776	0.629574667137493
-1.60964562638103	0.630448647168585
-1.60885487019379	0.631320935839838
-1.60806374117947	0.632191539545352
-1.60727223882026	0.633060464629275
-1.6064803625972	0.633927717386306
-1.60568811199014	0.634793304062195
-1.60489548647771	0.635657230854247
-1.60410248553736	0.636519503911805
-1.60330910864534	0.637380129336716
-1.60251535527667	0.638239113183836
-1.6017212249052	0.639096461461471
-1.60092671700354	0.639952180131853
-1.60013183104307	0.640806275111591
-1.59933656649397	0.641658752272123
-1.59854092282521	0.642509617440159
-1.59774489950448	0.643358876398126
-1.59694849599828	0.64420653488459
-1.59615171177186	0.645052598594694
-1.59535454628922	0.645897073180572
-1.59455699901312	0.646739964251766
-1.59375906940507	0.647581277375645
-1.59296075692535	0.648421018077802
-1.59216206103293	0.649259191842456
-1.59136298118557	0.650095804112854
-1.59056351683973	0.650930860291655
-1.58976366745062	0.651764365741314
-1.58896343247216	0.652596325784471
-1.58816281135701	0.653426745704322
-1.58736180355654	0.654255630744985
-1.58656040852083	0.655082986111881
-1.58575862569866	0.65590881697208
-1.58495645453754	0.656733128454664
-1.58415389448366	0.657555925651092
-1.58335094498191	0.658377213615527
-1.58254760547588	0.659196997365196
-1.58174387540784	0.660015281880732
-1.58093975421876	0.660832072106492
-1.58013524134826	0.661647372950914
-1.57933033623466	0.662461189286815
-1.57852503831495	0.663273525951751
-1.57771934702476	0.664084387748303
-1.57691326179841	0.664893779444411
-1.57610678206888	0.665701705773684
-1.57529990726777	0.666508171435708
-1.57449263682536	0.667313181096343
-1.57368497017056	0.668116739388039
-1.57287690673093	0.668918850910119
-1.57206844593265	0.669719520229082
-1.57125958720055	0.670518751878891
-1.57045032995807	0.671316550361253
-1.56964067362727	0.672112920145914
-1.56883061762884	0.672907865670934
-1.56802016138208	0.673701391342959
-1.56720930430488	0.674493501537507
-1.56639804581376	0.675284200599222
-1.56558638532382	0.676073492842154
-1.56477432224875	0.67686138255002
-1.56396185600085	0.67764787397646
-1.56314898599099	0.6784329713453
-1.56233571162861	0.679216678850807
-1.56152203232175	0.67999900065794
-1.56070794747699	0.680779940902596
-1.55989345649951	0.68155950369186
-1.55907855879302	0.68233769310425
-1.55826325375979	0.683114513189945
-1.55744754080066	0.68388996797105
-1.556631419315	0.684664061441795
-1.55581488870072	0.685436797568799
-1.55499794835427	0.68620818029128
-1.55418059767063	0.686978213521293
-1.5533628360433	0.687746901143949
-1.55254466286433	0.688514247017635
-1.55172607752423	0.689280254974244
-1.55090707941209	0.69004492881938
-1.55008766791543	0.690808272332583
-1.54926784242035	0.691570289267526
-1.54844760231138	0.692330983352245
-1.54762694697157	0.693090358289333
-1.54680587578246	0.693848417756148
-1.54598438812405	0.694605165405013
-1.54516248337484	0.695360604863426
-1.54434016091178	0.69611473973425
-1.54351742011029	0.69686757359591
-1.54269426034425	0.697619110002592
-1.541870680986	0.698369352484428
-1.54104668140631	0.699118304547691
-1.54022226097443	0.699865969674984
-1.539397419058	0.700612351325416
-1.53857215502312	0.701357452934801
-1.53774646823433	0.702101277915826
-1.53692035805456	0.702843829658232
-1.53609382384517	0.703585111529009
-1.53526686496594	0.704325126872543
-1.53443948077505	0.705063879010818
-1.53361167062907	0.705801371243565
-1.53278343388298	0.706537606848447
-1.53195476989013	0.707272589081224
-1.53112567800227	0.708006321175918
-1.53029615756951	0.708738806344977
-1.52946620794036	0.70947004777944
-1.52863582846167	0.710200048649095
-1.52780501847865	0.710928812102645
-1.52697377733489	0.711656341267858
-1.5261421043723	0.712382639251729
-1.52530999893115	0.713107709140633
-1.52447746035004	0.713831554000477
-1.52364448796591	0.714554176876846
-1.52281108111401	0.715275580795168
-1.52197723912792	0.715995768760845
-1.52114296133954	0.716714743759411
-1.52030824707908	0.717432508756666
-1.51947309567502	0.718149066698837
-1.51863750645417	0.718864420512707
-1.51780147874163	0.719578573105743
-1.51696501186076	0.720291527366269
-1.51612810513321	0.721003286163579
-1.5152907578789	0.721713852348072
-1.51445296941603	0.722423228751399
-1.51361473906104	0.723131418186591
-1.51277606612863	0.723838423448188
-1.51193694993174	0.724544247312372
-1.51109738978158	0.725248892537105
-1.51025738498755	0.725952361862234
-1.50941693485731	0.726654658009646
-1.50857603869674	0.727355783683372
-1.50773469580992	0.72805574156972
-1.50689290549915	0.728754534337398
-1.50605066706492	0.729452164637631
-1.50520797980595	0.730148635104285
-1.50436484301911	0.730843948353993
-1.50352125599947	0.731538106986251
-1.50267721804028	0.732231113583559
-1.50183272843296	0.732922970711527
-1.50098778646708	0.733613680918982
-1.50014239143039	0.734303246738091
-1.49929654260878	0.734991670684473
-1.49845023928626	0.7356789552573
-1.49760348074503	0.736365102939417
-1.49675626626536	0.737050116197455
-1.49590859512569	0.737733997481914
-1.49506046660256	0.738416749227302
-1.49421187997061	0.739098373852214
-1.4933628345026	0.739778873759455
-1.49251332946937	0.740458251336131
-1.49166336413986	0.741136508953756
-1.4908129377811	0.741813648968354
-1.48996204965817	0.742489673720556
-1.48911069903423	0.743164585535703
-1.48825888517052	0.74383838672395
-1.48740660732631	0.744511079580348
-1.48655386475893	0.745182666384945
-1.48570065672373	0.745853149402895
-1.48484698247411	0.746522530884536
-1.48399284126151	0.747190813065495
-1.48313823233535	0.747857998166771
-1.48228315494309	0.748524088394831
-1.48142760833019	0.749189085941707
-1.48057159174008	0.749852992985079
-1.47971510441422	0.750515811688352
-1.47885814559201	0.751177544200778
-1.47800071451087	0.751838192657506
-1.47714281040613	0.752497759179695
-1.47628443251113	0.753156245874582
-1.47542558005713	0.753813654835583
-1.47456625227334	0.754469988142361
-1.47370644838691	0.755125247860914
-1.47284616762292	0.755779436043673
-1.47198540920437	0.756432554729553
-1.47112417235217	0.75708460594406
-1.47026245628512	0.757735591699364
-1.46940026021994	0.758385513994371
-1.46853758337123	0.759034374814807
-1.46767442495148	0.759682176133295
-1.46681078417103	0.760328919909434
-1.4659466602381	0.760974608089865
-1.46508205235878	0.761619242608364
-1.46421695973699	0.762262825385901
-1.4633513815745	0.76290535833072
-1.4624853170709	0.763546843338417
-1.46161876542362	0.764187282291994
-1.4607517258279	0.764826677061959
-1.45988419747679	0.765465029506377
-1.45901617956115	0.76610234147094
-1.4581476712696	0.766738614789048
-1.45727867178859	0.767373851281871
-1.45640918030229	0.768008052758422
-1.45553919599268	0.768641221015615
-1.45466871803949	0.769273357838337
-1.45379774562018	0.769904464999527
-1.45292627790996	0.770534544260221
-1.45205431408179	0.77116359736963
-1.45118185330632	0.7717916260652
-1.45030889475195	0.77241863207268
-1.44943543758475	0.773044617106179
-1.44856148096852	0.773669582868234
-1.44768702406473	0.774293531049868
-1.44681206603253	0.77491646333066
-1.44593660602875	0.775538381378791
-1.44506064320787	0.776159286851117
-1.44418417672202	0.776779181393227
-1.44330720572099	0.777398066639494
-1.4424297293522	0.778015944213146
-1.44155174676068	0.778632815726309
-1.44067325708909	0.779248682780078
-1.43979425947768	0.779863546964571
-1.43891475306433	0.780477409858974
-1.43803473698448	0.781090273031613
-1.43715421037115	0.781702138040001
-1.43627317235494	0.78231300643089
-1.435391622064	0.782922879740334
-1.43450955862405	0.783531759493729
-1.43362698115832	0.784139647205888
-1.43274388878759	0.784746544381066
-1.43186028063017	0.785352452513033
-1.43097615580185	0.78595737308512
-1.43009151341596	0.786561307570267
-1.42920635258329	0.787164257431076
-1.42832067241213	0.787766224119861
-1.42743447200824	0.788367209078695
-1.42654775047484	0.788967213739465
-1.4256605069126	0.789566239523918
-1.42477274041963	0.790164287843701
-1.42388445009149	0.790761360100426
-1.42299563502114	0.7913574576857
-1.42210629429895	0.791952581981184
-1.42121642701273	0.792546734358632
-1.42032603224762	0.793139916179938
-1.41943510908619	0.793732128797187
-1.41854365660836	0.794323373552691
-1.41765167389142	0.794913651779044
-1.41675916000999	0.795502964799154
-1.41586611403606	0.796091313926299
-1.41497253503891	0.796678700464164
-1.41407842208516	0.797265125706879
-1.41318377423874	0.79785059093907
-1.41228859056086	0.798435097435899
-1.41139287011004	0.799018646463103
-1.41049661194204	0.799601239277037
-1.40959981510991	0.80018287712471
-1.40870247866394	0.800763561243834
-1.40780460165166	0.801343292862859
-1.40690618311784	0.801922073201011
-1.40600722210446	0.802499903468335
-1.40510771765071	0.803076784865728
-1.40420766879297	0.803652718584984
-1.40330707456481	0.80422770580883
-1.40240593399697	0.804801747710958
-1.40150424611737	0.805374845456073
-1.40060200995105	0.805947000199917
-1.3996992245202	0.806518213089318
-1.39879588884415	0.807088485262215
-1.39789200193933	0.807657817847703
-1.39698756281928	0.808226211966062
-1.39608257049463	0.808793668728791
-1.39517702397308	0.809360189238653
-1.39427092225941	0.809925774589698
-1.39336426435546	0.810490425867298
-1.39245704926009	0.811054144148187
-1.39154927596922	0.81161693050049
-1.39064094347577	0.812178785983757
-1.38973205076966	0.812739711648989
-1.38882259683784	0.813299708538686
-1.38791258066419	0.813858777686861
-1.3870020012296	0.814416920119085
-1.38609085751191	0.814974136852504
-1.38517914848588	0.81553042889589
-1.38426687312324	0.816085797249652
-1.3833540303926	0.816640242905873
-1.38244061925949	0.817193766848343
-1.38152663868635	0.817746370052592
-1.38061208763248	0.818298053485902
-1.37969696505405	0.818848818107354
-1.37878126990409	0.819398664867854
-1.37786500113246	0.819947594710148
-1.37694815768586	0.820495608568865
-1.3760307385078	0.821042707370535
-1.37511274253857	0.821588892033625
-1.37419416871529	0.822134163468557
-1.37327501597182	0.822678522577739
-1.37235528323878	0.823221970255593
-1.37143496944355	0.823764507388579
-1.37051407351024	0.824306134855216
-1.36959259435968	0.824846853526117
-1.36867053090939	0.825386664264009
-1.36774788207359	0.825925567923765
-1.36682464676319	0.826463565352411
-1.36590082388575	0.827000657389166
-1.36497641234547	0.82753684486546
-1.36405141104319	0.828072128604966
-1.36312581887638	0.828606509423612
-1.36219963473911	0.829139988129607
-1.36127285752202	0.829672565523474
-1.36034548611237	0.830204242398051
-1.35941751939394	0.830735019538546
-1.35848895624707	0.831264897722519
-1.35755979554864	0.831793877719943
-1.35663003617203	0.832321960293197
-1.35569967698714	0.832849146197103
-1.35476871686035	0.833375436178942
-1.35383715465451	0.833900830978464
-1.35290498922892	0.834425331327939
-1.35197221943934	0.834948937952136
-1.35103884413792	0.835471651568378
-1.35010486217326	0.835993472886548
-1.34917027239033	0.836514402609104
-1.34823507363048	0.837034441431098
-1.34729926473144	0.837553590040213
-1.34636284452727	0.838071849116754
-1.34542581184836	0.838589219333689
-1.34448816552142	0.839105701356658
-1.34354990436946	0.839621295843989
-1.34261102721179	0.840136003446724
-1.34167153286393	0.840649824808622
-1.34073142013773	0.841162760566194
-1.3397906878412	0.841674811348702
-1.3388493347786	0.842185977778197
-1.3379073597504	0.842696260469508
-1.33696476155324	0.843205660030288
-1.33602153897992	0.843714177061
-1.3350776908194	0.844221812154964
-1.33413321585676	0.844728565898345
-1.33318811287321	0.845234438870184
-1.33224238064606	0.845739431642408
-1.33129601794868	0.846243544779846
-1.33034902355051	0.846746778840237
-1.32940139621705	0.847249134374266
-1.32845313470982	0.847750611925543
-1.32750423778634	0.848251212030649
-1.32655470420013	0.84875093521913
-1.32560453270069	0.849249782013525
-1.32465372203346	0.849747752929364
-1.32370227093984	0.850244848475185
-1.32275017815714	0.850741069152561
-1.32179744241855	0.851236415456096
-1.32084406245318	0.851730887873439
-1.31989003698597	0.852224486885306
-1.31893536473774	0.85271721296548
-1.3179800444251	0.85320906658083
-1.31702407476049	0.853700048191321
-1.31606745445214	0.854190158250023
-1.31511018220404	0.854679397203124
-1.31415225671593	0.855167765489939
-1.31319367668329	0.855655263542925
-1.31223444079731	0.856141891787686
-1.31127454774485	0.856627650642979
-1.31031399620848	0.857112540520735
-1.30935278486639	0.857596561826064
-1.30839091239242	0.858079714957262
-1.30742837745601	0.858562000305818
-1.3064651787222	0.859043418256434
-1.30550131485161	0.85952396918702
-1.3045367845004	0.860003653468711
-1.30357158632025	0.860482471465871
-1.30260571895837	0.86096042353611
-1.30163918105745	0.861437510030276
-1.30067197125566	0.861913731292478
-1.2997040881866	0.862389087660084
-1.2987355304793	0.862863579463732
-1.29776629675821	0.863337207027338
-1.29679638564315	0.863809970668103
-1.29582579574931	0.864281870696511
-1.2948545256872	0.864752907416346
-1.29388257406268	0.8652230811247
-1.29290993947688	0.865692392111964
-1.29193662052622	0.866160840661848
-1.29096261580237	0.866628427051387
-1.28998792389223	0.867095151550928
-1.2890125433779	0.867561014424163
-1.28803647283668	0.86802601592811
-1.28705971084101	0.868490156313131
-1.2860822559585	0.86895343582293
-1.28510410675184	0.869415854694564
-1.28412526177885	0.86987741315844
-1.2831457195924	0.870338111438324
-1.28216547874041	0.87079794975134
-1.28118453776581	0.871256928307977
-1.28020289520656	0.871715047312098
-1.27922054959558	0.872172306960927
-1.27823749946072	0.872628707445069
-1.27725374332479	0.873084248948501
-1.27626927970549	0.873538931648584
-1.27528410711541	0.873992755716055
-1.27429822406196	0.874445721315037
-1.27331162904742	0.874897828603039
-1.27232432056885	0.875349077730955
-1.2713362971181	0.875799468843069
-1.27034755718177	0.876249002077053
-1.2693580992412	0.876697677563972
-1.2683679217724	0.877145495428284
-1.26737702324611	0.877592455787835
-1.26638540212767	0.878038558753866
-1.26539305687708	0.878483804431014
-1.26439998594893	0.878928192917305
-1.26340618779238	0.879371724304163
-1.26241166085113	0.879814398676397
-1.26141640356343	0.88025621611222
-1.26042041436199	0.880697176683226
-1.259423691674	0.881137280454407
-1.25842623392109	0.881576527484137
-1.2574280395193	0.882014917824188
-1.25642910687906	0.882452451519712
-1.25542943440515	0.882889128609246
-1.25442902049669	0.883324949124716
-1.25342786354708	0.883759913091421
-1.25242596194402	0.884194020528044
-1.25142331406943	0.88462727144664
-1.25041991829945	0.885059665852645
-1.24941577300444	0.885491203744856
-1.24841087654886	0.885921885115443
-1.24740522729136	0.886351709949939
-1.24639882358464	0.886780678227235
-1.24539166377551	0.887208789919581
-1.24438374620479	0.887636044992579
-1.24337506920732	0.888062443405179
-1.24236563111194	0.888487985109673
-1.24135543024142	0.888912670051695
-1.24034446491245	0.889336498170217
-1.23933273343562	0.889759469397532
-1.23832023411537	0.890181583659263
-1.23730696524998	0.890602840874352
-1.23629292513152	0.891023240955054
-1.23527811204581	0.891442783806927
-1.23426252427244	0.891861469328839
-1.23324616008466	0.892279297412944
-1.23222901774942	0.892696267944694
-1.23121109552729	0.893112380802815
-1.23019239167245	0.893527635859312
-1.22917290443267	0.893942032979459
-1.22815263204924	0.894355572021787
-1.22713157275694	0.894768252838087
-1.22610972478406	0.895180075273387
-1.22508708635232	0.895591039165959
-1.22406365567683	0.896001144347302
-1.22303943096608	0.896410390642137
-1.22201441042189	0.896818777868397
-1.22098859223941	0.897226305837219
-1.21996197460703	0.897632974352935
-1.21893455570639	0.898038783213061
-1.21790633371231	0.898443732208293
-1.2168773067928	0.898847821122487
-1.21584747310898	0.899251049732661
-1.21481683081506	0.899653417808977
-1.21378537805832	0.900054925114736
-1.21275311297904	0.900455571406357
-1.2117200337105	0.900855356433384
-1.21068613837893	0.901254279938458
-1.20965142510344	0.901652341657313
-1.20861589199604	0.90204954131877
-1.20757953716158	0.90244587864471
-1.20654235869767	0.902841353350079
-1.20550435469471	0.903235965142868
-1.20446552323581	0.903629713724094
-1.20342586239676	0.904022598787805
-1.20238537024601	0.904414620021053
-1.20134404484459	0.904805777103879
-1.2003018842461	0.905196069709312
-1.19925888649667	0.905585497503348
-1.19821504963493	0.905974060144937
-1.19717037169191	0.906361757285967
-1.1961248506911	0.906748588571255
-1.19507848464832	0.907134553638531
-1.19403127157171	0.90751965211842
-1.19298320946172	0.907903883634425
-1.191934296311	0.908287247802927
-1.19088453010443	0.908669744233146
-1.18983390881904	0.909051372527148
-1.18878243042396	0.909432132279814
-1.18773009288041	0.909812023078832
-1.18667689414162	0.910191044504676
-1.18562283215282	0.910569196130591
-1.18456790485117	0.910946477522577
-1.18351211016572	0.911322888239372
-1.1824554460174	0.911698427832428
-1.18139791031893	0.912073095845915
-1.18033950097478	0.91244689181667
-1.17928021588118	0.912819815274201
-1.17822005292598	0.913191865740673
-1.17715900998869	0.91356304273087
-1.17609708494041	0.913933345752188
-1.17503427564375	0.914302774304624
-1.17397057995281	0.914671327880736
-1.17290599571315	0.915039005965636
-1.17184052076171	0.915405808036975
-1.17077415292677	0.915771733564907
-1.16970689002792	0.916136782012088
-1.16863872987599	0.916500952833638
-1.16756967027301	0.916864245477131
-1.16649970901219	0.917226659382568
-1.16542884387778	0.917588193982357
-1.16435707264515	0.917948848701293
-1.16328439308062	0.918308622956533
-1.1622108029415	0.918667516157579
-1.16113629997596	0.919025527706244
-1.16006088192305	0.919382656996648
-1.15898454651262	0.919738903415177
-1.15790729146524	0.920094266340459
-1.15682911449219	0.920448745143363
-1.15575001329538	0.920802339186946
-1.15466998556733	0.921155047826447
-1.15358902899106	0.92150687040926
-1.15250714124009	0.9218578062749
-1.15142431997836	0.922207854754989
-1.15034056286019	0.922557015173225
-1.1492558675302	0.922905286845354
-1.14817023162328	0.923252669079153
-1.14708365276451	0.923599161174388
-1.14599612856914	0.923944762422804
-1.1449076566425	0.924289472108088
-1.14381823457994	0.924633289505843
-1.1427278599668	0.924976213883565
-1.14163653037835	0.92531824450061
-1.14054424337969	0.925659380608165
-1.13945099652574	0.925999621449223
-1.13835678736116	0.926338966258556
-1.13726161342028	0.92667741426268
-1.13616547222707	0.927014964679824
-1.13506836129504	0.927351616719913
-1.13397027812722	0.927687369584523
-1.13287122021606	0.928022222466855
-1.1317711850434	0.928356174551712
-1.13067017008038	0.928689225015453
-1.12956817278739	0.929021373025976
-1.12846519061403	0.929352617742679
-1.12736122099899	0.929682958316425
-1.12625626137004	0.930012393889517
-1.12515030914395	0.930340923595658
-1.12404336172639	0.930668546559923
-1.12293541651192	0.930995261898721
-1.12182647088389	0.931321068719767
-1.12071652221435	0.931645966122038
-1.11960556786406	0.931969953195749
-1.11849360518234	0.932293029022309
-1.11738063150704	0.932615192674292
-1.11626664416448	0.932936443215401
-1.11515164046935	0.933256779700424
-1.11403561772467	0.933576201175203
-1.1129185732217	0.933894706676603
-1.11180050423986	0.934212295232463
-1.11068140804671	0.934528965861567
-1.10956128189781	0.934844717573599
-1.10844012303669	0.93515954936911
-1.10731792869476	0.935473460239482
-1.10619469609125	0.935786449166875
-1.10507042243311	0.936098515124203
-1.10394510491497	0.936409657075085
-1.10281874071904	0.936719873973805
-1.10169132701503	0.937029164765279
-1.10056286096009	0.937337528384998
-1.09943333969873	0.937644963759002
-1.09830276036272	0.937951469803831
-1.09717112007106	0.938257045426481
-1.09603841592984	0.938561689524361
-1.09490464503219	0.938865400985257
-1.09376980445822	0.939168178687276
-1.09263389127489	0.939470021498815
-1.09149690253598	0.939770928278497
-1.09035883528196	0.940070897875156
-1.08921968653996	0.940369929127755
-1.08807945332362	0.940668020865371
-1.08693813263307	0.94096517190713
-1.08579572145479	0.941261381062164
-1.08465221676159	0.941556647129571
-1.08350761551243	0.941850968898353
-1.08236191465243	0.942144345147383
-1.08121511111271	0.94243677464534
-1.08006720181036	0.942728256150675
-1.07891818364829	0.943018788411551
-1.07776805351518	0.943308370165798
-1.07661680828539	0.943597000140855
-1.07546444481885	0.943884677053725
-1.07431095996095	0.944171399610921
-1.07315635054252	0.944457166508417
-1.07200061337966	0.944741976431589
-1.07084374527367	0.945025828055161
-1.06968574301096	0.945308720043159
-1.06852660336296	0.945590651048852
-1.06736632308601	0.945871619714692
-1.06620489892127	0.946151624672266
-1.06504232759461	0.946430664542236
-1.06387860581652	0.946708737934284
-1.06271373028202	0.946985843447051
-1.06154769767054	0.947261979668085
-1.06038050464581	0.947537145173776
-1.05921214785581	0.947811338529303
-1.05804262393257	0.948084558288573
-1.05687192949219	0.948356802994156
-1.05570006113462	0.948628071177227
-1.05452701544362	0.948898361357515
-1.05335278898663	0.949167672043219
-1.05217737831468	0.949436001730966
-1.05100077996226	0.949703348905739
-1.04982299044721	0.949969712040814
-1.04864400627061	0.950235089597692
-1.04746382391671	0.950499480026043
-1.04628243985275	0.950762881763634
-1.04509985052889	0.951025293236261
-1.04391605237807	0.951286712857687
-1.04273104181593	0.951547139029573
-1.04154481524065	0.951806570141407
-1.04035736903287	0.952065004570438
-1.03916869955555	0.952322440681606
-1.03797880315385	0.952578876827472
-1.03678767615501	0.952834311348141
-1.03559531486823	0.953088742571204
-1.03440171558457	0.95334216881165
-1.03320687457679	0.953594588371801
-1.03201078809923	0.953845999541242
-1.03081345238772	0.954096400596739
-1.02961486365939	0.954345789802162
-1.02841501811261	0.95459416540842
-1.02721391192682	0.954841525653372
-1.02601154126239	0.955087868761761
-1.02480790226052	0.955333192945128
-1.0236029910431	0.955577496401731
-1.02239680371256	0.955820777316474
-1.02118933635174	0.956063033860818
-1.01998058502375	0.956304264192705
-1.01877054577186	0.956544466456473
-1.01755921461932	0.956783638782777
-1.01634658756925	0.957021779288496
-1.01513266060448	0.957258886076658
-1.01391742968742	0.957494957236353
-1.0127008907599	0.957729990842639
-1.01148303974306	0.957963984956464
-1.01026387253714	0.958196937624577
-1.00904338502142	0.958428846879429
-1.00782157305397	0.958659710739097
-1.00659843247158	0.958889527207183
-1.00537395908958	0.959118294272728
-1.00414814870167	0.959346009910117
-1.00292099707977	0.959572672078986
-1.00169249997392	0.959798278724129
-1.00046265311201	0.960022827775402
-0.999231452199747	0.960246317147624
-0.997998892920395	0.960468744740484
-0.996764970934658	0.960690108438438
-0.995529681880519	0.960910406110615
-0.994293021373058	0.961129635610714
-0.993054985004296	0.961347794776904
-0.991815568343019	0.961564881431721
-0.990574766934614	0.961780893381961
-0.989332576300898	0.961995828418585
-0.988088991939939	0.962209684316605
-0.986844009325888	0.962422458834979
-0.9855976239088	0.96263414971651
-0.984349831114449	0.962844754687729
-0.983100626344163	0.963054271458791
-0.981850004974629	0.96326269772336
-0.980597962357718	0.963470031158502
-0.979344493820297	0.963676269424568
-0.978089594664042	0.963881410165082
-0.97683326016525	0.964085451006622
-0.975575485574651	0.964288389558708
-0.974316266117212	0.964490223413684
-0.973055596991945	0.964690950146596
-0.971793473371719	0.964890567315073
-0.970529890403038	0.965089072459208
-0.969264843205875	0.965286463101429
-0.967998326873449	0.965482736746384
-0.966730336472023	0.965677890880812
-0.965460867040701	0.96587192297341
-0.96418991359123	0.966064830474715
-0.962917471107769	0.966256610816972
-0.961643534546705	0.966447261413999
-0.960368098836414	0.966636779661064
-0.959091158877061	0.96682516293474
-0.957812709540377	0.967012408592782
-0.956532745669442	0.967198513973984
-0.955251262078452	0.967383476398045
-0.953968253552514	0.967567293165427
-0.952683714847403	0.967749961557216
-0.951397640689337	0.967931478834986
-0.950110025774749	0.968111842240642
-0.948820864770056	0.968291048996295
-0.947530152311416	0.968469096304094
-0.946237883004495	0.968645981346095
-0.944944051424221	0.968821701284106
-0.943648652114553	0.96899625325953
-0.942351679588216	0.969169634393222
-0.941053128326476	0.969341841785332
-0.939752992778871	0.969512872515143
-0.938451267362968	0.969682723640926
-0.937147946464107	0.969851392199767
-0.935843024435135	0.970018875207414
-0.934536495596155	0.97018516965811
-0.933228354234257	0.97035027252444
-0.931918594603255	0.970514180757149
-0.930607210923415	0.970676891284982
-0.929294197381184	0.970838401014517
-0.927979548128917	0.970998706829989
-0.926663257284597	0.971157805593114
-0.92534531893156	0.971315694142924
-0.924025727118207	0.971472369295579
-0.922704475857716	0.971627827844192
-0.921381559127761	0.971782066558652
-0.920056970870211	0.97193508218543
-0.918730704990841	0.972086871447409
-0.91740275535903	0.972237431043684
-0.916073115807461	0.972386757649375
-0.914741780131817	0.972534847915445
-0.913408742090473	0.972681698468498
-0.912073995404181	0.972827305910583
-0.910737533755759	0.972971666818997
-0.909399350789775	0.973114777746094
-0.908059440112222	0.97325663521907
-0.906717795290194	0.973397235739764
-0.905374409851557	0.973536575784459
-0.90402927728462	0.973674651803658
-0.902682391037799	0.973811460221884
-0.901333744519273	0.97394699743746
-0.899983331096651	0.974081259822301
-0.898631144096614	0.974214243721686
-0.897277176804575	0.974345945454043
-0.895921422464317	0.974476361310724
-0.894563874277641	0.974605487555778
-0.893204525404001	0.974733320425719
-0.891843368960137	0.974859856129312
-0.89048039801971	0.974985090847309
-0.889115605612924	0.975109020732242
-0.887748984726146	0.975231641908166
-0.886380528301527	0.97535295047042
-0.885010229236619	0.975472942485393
-0.883638080383973	0.975591613990257
-0.882264074550755	0.975708960992736
-0.880888204498341	0.975824979470839
-0.87951046294191	0.975939665372609
-0.878130842550043	0.976053014615865
-0.876749335944298	0.976165023087937
-0.875365935698808	0.9762756866454
-0.873980634339838	0.976385001113806
-0.872593424345376	0.976492962287418
-0.871204298144689	0.976599565928925
-0.869813248117889	0.976704807769171
-0.86842026659549	0.976808683506869
-0.867025345857958	0.976911188808324
-0.865628478135262	0.977012319307133
-0.864229655606417	0.977112070603904
-0.862828870399011	0.977210438265954
-0.861426114588747	0.977307417827016
-0.860021380198963	0.97740300478693
-0.858614659200154	0.977497194611342
-0.857205943509486	0.977589982731398
-0.855795224990305	0.977681364543418
-0.854382495451636	0.977771335408588
-0.852967746647688	0.977859890652646
-0.851550970277339	0.977947025565538
-0.850132157983623	0.978032735401109
-0.84871130135321	0.978117015376754
-0.847288391915875	0.97819986067309
-0.84586342114397	0.978281266433619
-0.844436380451882	0.978361227764368
-0.84300726119548	0.978439739733553
-0.841576054671575	0.978516797371217
-0.840142752117348	0.978592395668881
-0.838707344709792	0.978666529579168
-0.837269823565131	0.978739194015447
-0.835830179738248	0.978810383851454
-0.834388404222089	0.97888009392092
-0.832944487947078	0.978948319017189
-0.831498421780504	0.979015053892827
-0.830050196525923	0.97908029325924
-0.82859980292253	0.979144031786268
-0.827147231644542	0.97920626410179
-0.825692473300565	0.97926698479132
-0.82423551843295	0.979326188397585
-0.822776357517149	0.979383869420125
-0.821314980961055	0.979440022314855
-0.819851379104343	0.979494641493649
-0.818385542217789	0.979547721323895
-0.816917460502596	0.979599256128076
-0.815447124089701	0.979649240183302
-0.813974523039077	0.979697667720882
-0.812499647339021	0.979744532925849
-0.811022486905448	0.979789829936514
-0.809543031581153	0.979833552843994
-0.808061271135083	0.979875695691724
-0.806577195261593	0.979916252475001
-0.805090793579682	0.979955217140472
-0.803602055632247	0.979992583585668
-0.802110970885291	0.980028345658477
-0.800617528727152	0.98006249715666
-0.799121718467699	0.980095031827324
-0.797623529337535	0.980125943366407
-0.796122950487179	0.98015522541815
-0.794619970986241	0.980182871574568
-0.79311457982258	0.980208875374897
-0.791606765901468	0.98023323030506
-0.790096518044719	0.980255929797102
-0.788583824989825	0.980276967228625
-0.787068675389072	0.980296335922224
-0.785551057808644	0.980314029144898
-0.784030960727726	0.980330040107475
-0.782508372537575	0.980344361964005
-0.780983281540592	0.980356987811165
-0.779455675949387	0.980367910687641
-0.777925543885813	0.98037712357351
-0.776392873380002	0.980384619389617
-0.774857652369386	0.980390390996923
-0.77331986869769	0.980394431195872
-0.771779510113938	0.980396732725727
-0.770236564271419	0.98039728826391
-0.768691018726654	0.980396090425321
-0.767142860938344	0.980393131761665
-0.765592078266299	0.980388404760738
-0.764038657970367	0.980381901845748
-0.762482587209328	0.980373615374582
-0.760923853039787	0.980363537639089
-0.759362442415046	0.980351660864347
-0.757798342183958	0.980337977207914
-0.756231539089776	0.980322478759073
-0.754662019768963	0.980305157538062
-0.753089770750017	0.980286005495308
-0.751514778452243	0.980265014510617
-0.74993702918454	0.980242176392386
-0.748356509144153	0.980217482876796
-0.746773204415404	0.980190925626966
-0.745187100968415	0.980162496232134
-0.743598184657814	0.980132186206799
-0.742006441221411	0.98009998698986
-0.740411856278858	0.980065889943741
-0.7388144153303	0.980029886353503
-0.737214103754987	0.979991967425932
-0.735610906809885	0.979952124288646
-0.734004809628256	0.979910347989137
-0.732395797218218	0.979866629493853
-0.730783854461284	0.979820959687217
-0.729168966110876	0.979773329370672
-0.727551116790829	0.979723729261687
-0.72593029099386	0.979672149992748
-0.724306473080007	0.979618582110347
-0.722679647275076	0.979563016073946
-0.721049797669026	0.979505442254925
-0.719416908214352	0.979445850935511
-0.717780962724444	0.979384232307706
-0.716141944871905	0.979320576472172
-0.714499838186861	0.979254873437124
-0.712854626055233	0.979187113117187
-0.711206291716991	0.979117285332249
-0.709554818264367	0.979045379806279
-0.70790018864006	0.978971386166142
-0.706242385635396	0.978895293940392
-0.704581391888465	0.978817092558034
-0.702917189882234	0.97873677134728
-0.701249761942619	0.978654319534279
-0.699579090236537	0.97856972624182
-0.697905156769922	0.978482980488031
-0.696227943385707	0.978394071185033
-0.694547431761782	0.978302987137599
-0.692863603408907	0.978209717041763
-0.691176439668605	0.978114249483428
-0.689485921711008	0.978016572936937
-0.687792030532681	0.977916675763632
-0.686094746954394	0.977814546210373
-0.684394051618878	0.977710172408049
-0.682689924988526	0.977603542370055
-0.680982347343062	0.97749464399074
-0.679271298777179	0.977383465043836
-0.677556759198132	0.977269993180859
-0.67583870832328	0.977154215929474
-0.674117125677612	0.97703612069185
-0.672391990591203	0.976915694742962
-0.670663282196656	0.976792925228884
-0.66893097942647	0.976667799165048
-0.667195061010391	0.97654030343446
-0.665455505472704	0.976410424785901
-0.663712291129477	0.976278149832093
-0.661965396085762	0.976143465047821
-0.660214798232754	0.976006356768032
-0.65846047524489	0.975866811185906
-0.656702404576896	0.975724814350872
-0.654940563460801	0.97558035216661
-0.65317492890288	0.975433410389008
-0.651405477680546	0.975283974624076
-0.649632186339199	0.975132030325834
-0.647855031189007	0.974977562794155
-0.646073988301638	0.974820557172563
-0.644289033506923	0.974660998446007
-0.642500142389476	0.974498871438576
-0.64070729028524	0.974334160811182
-0.638910452277968	0.974166851059196
-0.637109603195659	0.973996926510045
-0.63530471760691	0.973824371320756
-0.63349576981721	0.97364916947546
-0.631682733865167	0.973471304782842
-0.629865583518662	0.973290760873557
-0.628044292270933	0.973107521197577
-0.626218833336589	0.972921569021502
-0.624389179647549	0.972732887425816
-0.622555303848901	0.972541459302082
-0.620717178294691	0.972347267350099
-0.618874775043625	0.972150294074983
-0.617028065854694	0.971950521784208
-0.61517702218272	0.971747932584585
-0.613321615173802	0.97154250837917
-0.611461815660697	0.971334230864131
-0.609597594158093	0.971123081525531
-0.6077289208578	0.970909041636063
-0.605855765623848	0.970692092251711
-0.603978097987486	0.970472214208352
-0.602095887142087	0.970249388118276
-0.600209101937947	0.970023594366642
-0.598317710876993	0.969794813107871
-0.596421682107372	0.969563024261949
-0.594520983417943	0.969328207510666
-0.592615582232655	0.969090342293762
-0.590705445604812	0.968849407805019
-0.588790540211225	0.968605382988239
-0.586870832346248	0.968358246533166
-0.584946287915676	0.9681079768713
-0.583016872430546	0.967854552171641
-0.581082551000793	0.967597950336328
-0.579143288328773	0.967338148996191
-0.577199048702664	0.967075125506207
-0.575249795989723	0.966808856940856
-0.573295493629407	0.966539320089381
-0.571336104626336	0.966266491450936
-0.569371591543132	0.965990347229636
-0.567401916493085	0.965710863329501
-0.56542704113267	0.965428015349264
-0.563446926653913	0.965141778577107
-0.561461533776579	0.964852127985229
-0.559470822740202	0.964559038224336
-0.557474753295937	0.964262483617973
-0.555473284698241	0.963962438156756
-0.553466375696368	0.963658875492449
-0.551453984525673	0.963351768931921
-0.549436068898733	0.963041091430949
-0.547412585996272	0.962726815587902
-0.545383492457867	0.962408913637242
-0.543348744372471	0.962087357442911
-0.541308297268706	0.961762118491544
-0.539262106104939	0.961433167885508
-0.537210125259138	0.961100476335806
-0.535152308518495	0.960764014154791
-0.533088609068803	0.96042375124871
-0.531018979483604	0.960079657110068
-0.528943371713073	0.959731700809809
-0.526861737072645	0.959379850989302
-0.524774026231381	0.959024075852137
-0.522680189200058	0.95866434315571
-0.520580175318979	0.95830062020261
-0.518473933245486	0.957932873831777
-0.516361410941185	0.957561070409457
-0.514242555658865	0.957185175819914
-0.512117313929085	0.956805155455906
-0.509985631546463	0.956420974208938
-0.507847453555603	0.956032596459237
-0.505702724236696	0.95563998606549
-0.503551387090759	0.955243106354307
-0.50139338482451	0.954841920109412
-0.499228659334866	0.954436389560542
-0.497057151693051	0.954026476372075
-0.494878802128309	0.953612141631329
-0.492693550011207	0.953193345836565
-0.490501333836488	0.952770048884666
-0.488302091205537	0.952342210058483
-0.486095758808333	0.951909788013831
-0.483882272404987	0.951472740766133
-0.481661566806767	0.951031025676711
-0.479433575856644	0.950584599438668
-0.477198232409314	0.9501334180624
-0.474955468310701	0.949677436860699
-0.472705214376909	0.949216610433431
-0.470447400372614	0.948750892651777
-0.468181954988867	0.948280236642031
-0.465908805820309	0.947804594768933
-0.463627879341747	0.947323918618508
-0.461339100884108	0.946838158980426
-0.459042394609717	0.946347265829823
-0.45673768348689	0.945851188308606
-0.454424889263821	0.945349874706187
-0.452103932441743	0.944843272439652
-0.449774732247314	0.944331328033336
-0.447437206604238	0.943813987097762
-0.445091272104052	0.943291194307963
-0.442736843976101	0.942762893381119
-0.440373836056614	0.942229027053513
-0.438002160756902	0.94168953705677
-0.435621729030611	0.941144364093348
-0.433232450340016	0.940593447811256
-0.430834232621308	0.940036726777978
-0.428426982248846	0.93947413845355
-0.426010603998334	0.938905619162775
-0.423585001008889	0.938331104066548
-0.42115007474394	0.937750527132219
-0.418705724950939	0.937163821103008
-0.41625184961982	0.936570917466384
-0.413788344940177	0.935971746421407
-0.411315105257084	0.935366236844948
-0.408832023025541	0.934754316256789
-0.406338988763467	0.934135910783517
-0.403835891003185	0.933510945121168
-0.401322616241359	0.932879342496598
-0.398799048887295	0.932241024627482
-0.396265071209572	0.931595911680916
-0.393720563280896	0.930943922230543
-0.391165402921159	0.93028497321216
-0.388599465638571	0.929618979877698
-0.386022624568836	0.92894585574755
-0.383434750412261	0.928265512561149
-0.380835711368728	0.927577860225717
-0.378225373070428	0.926882806763099
-0.375603598512273	0.926180258254612
-0.372970247979888	0.925470118783794
-0.370325178975068	0.924752290376984
-0.367668246138602	0.924026672941589
-0.364999301170349	0.923293164201973
-0.362318192746437	0.92255165963283
-0.359624766433474	0.921802052389912
-0.356918864599618	0.921044233238016
-0.354200326322391	0.920278090476054
-0.351468987293062	0.9195035098591
-0.348724679717468	0.918720374517231
-0.345967232213095	0.917928564871025
-0.34319646970225	0.917127958543532
-0.340412213301149	0.916318430268539
-0.33761428020471	0.915499851794939
-0.334802483566881	0.914672091787012
-0.331976632376249	0.913835015720364
-0.32913653132674	0.912988485773343
-0.326281980683153	0.912132360713663
-0.323412776141263	0.91126649577996
-0.320528708682269	0.910390742558038
-0.317629564421246	0.90950494885148
-0.314715124449357	0.908608958546325
-0.311785164669456	0.907702611469481
-0.308839455624798	0.906785743240492
-0.30587776232045	0.905858185116297
-0.302899844037059	0.904919763828575
-0.299905454136557	0.903970301413221
-0.296894339859384	0.903009615031495
-0.293866242112767	0.902037516782355
-0.290820895249588	0.90105381350542
-0.287758026837303	0.900058306573987
-0.284677357416387	0.899050791677505
-0.281578600247716	0.89803105859283
-0.278461461048256	0.896998890943533
-0.275325637714411	0.895954065946538
-0.272170820032315	0.894896354145208
-0.268996689374316	0.893825519128051
-0.265802918380843	0.892741317232032
-0.262589170626806	0.89164349722951
-0.259355100271583	0.890531799997625
-0.256100351691642	0.889405958169
-0.25282455909471	0.888265695762379
-0.249527346114372	0.887110727791837
-0.246208325383885	0.88594075985302
-0.242867098087898	0.884755487684728
-0.239503253490681	0.883554596704073
-0.236116368439352	0.882337761513207
-0.232706006840502	0.881104645375523
-0.22927171910844	0.87985489965897
-0.225813041583222	0.878588163243955
-0.222329495916412	0.877304061893058
-0.218820588422391	0.876002207579533
-0.215285809392887	0.874682197771257
-0.211724632372142	0.873343614666528
-0.208136513389982	0.871986024377674
-0.204520890149814	0.87060897605815
-0.200877181168307	0.869212000968232
-0.197204784863271	0.86779461147408
-0.193503078585928	0.866356299974236
-0.189771417593476	0.864896537747149
-0.186009133957428	0.863414773712547
-0.182215535402906	0.861910433098722
-0.178389904073554	0.860382916006969
-0.174531495216316	0.858831595863372
