55.1301693513382	0
55.1208649241794	0
55.1115589058321	0
55.1022512954808	0
55.0929420923092	0
55.0836312955001	0
55.0743189042357	0
55.0650049176977	0
55.0556893350671	0
55.0463721555237	0
55.0370533782471	0
55.0277330024161	0
55.0184110272087	0
55.009087451802	0
54.9997622753732	0
54.9904354970977	0
54.981107116151	0
54.9717771317074	0
54.962445542941	0
54.9531123490246	0
54.9437775491308	0
54.9344411424311	0
54.9251031280966	0
54.9157635052974	0
54.9064222732032	0
54.8970794309828	0
54.8877349778043	0
54.8783889128349	0
54.8690412352416	0
54.8596919441902	0
54.8503410388458	0
54.8409885183732	0
54.831634381936	0
54.8222786286973	0
54.8129212578195	0
54.8035622684642	0
54.7942016597923	0
54.7848394309641	0
54.7754755811389	0
54.7661101094756	0
54.7567430151321	0
54.7473742972657	0
54.7380039550329	0
54.7286319875895	0
54.7192583940907	0
54.7098831736909	0
54.7005063255435	0
54.6911278488015	0
54.6817477426172	0
54.6723660061418	0
54.6629826385262	0
54.65359763892	0
54.6442110064729	0
54.6348227403329	0
54.625432839648	0
54.6160413035652	0
54.6066481312306	0
54.5972533217898	0
54.5878568743875	0
54.5784587881679	0
54.569059062274	0
54.5596576958485	0
54.5502546880332	0
54.540850037969	0
54.5314437447963	0
54.5220358076546	0
54.5126262256827	0
54.5032149980185	0
54.4938021237995	0
54.4843876021621	0
54.4749714322421	0
54.4655536131745	0
54.4561341440935	0
54.4467130241329	0
54.4372902524249	0
54.427865828102	0
54.4184397502952	0
54.4090120181351	0
54.3995826307512	0
54.3901515872725	0
54.3807188868273	0
54.3712845285428	0
54.361848511546	0
54.3524108349624	0
54.3429714979173	0
54.3335304995351	0
54.3240878389392	0
54.3146435152526	0
54.3051975275973	0
54.2957498750944	0
54.2863005568645	0
54.2768495720274	0
54.2673969197019	0
54.2579425990063	0
54.2484866090578	0
54.2390289489732	0
54.2295696178683	0
54.220108614858	0
54.2106459390567	0
54.201181589578	0
54.1917155655344	0
54.182247866038	0
54.1727784901997	0
54.1633074371301	0
54.1538347059387	0
54.1443602957341	0
54.1348842056246	0
54.1254064347172	0
54.1159269821184	0
54.1064458469337	0
54.0969630282681	0
54.0874785252255	0
54.0779923369092	0
54.0685044624216	0
54.0590149008644	0
54.0495236513385	0
54.0400307129439	0
54.0305360847797	0
54.0210397659446	0
54.0115417555362	0
54.0020420526512	0
53.9925406563859	0
53.9830375658353	0
53.9735327800939	0
53.9640262982555	0
53.9545181194127	0
53.9450082426576	0
53.9354966670814	0
53.9259833917746	0
53.9164684158266	0
53.9069517383264	0
53.8974333583618	0
53.88791327502	0
53.8783914873873	0
53.8688679945492	0
53.8593427955904	0
53.8498158895948	0
53.8402872756456	0
53.8307569528247	0
53.821224920214	0
53.8116911768936	0
53.8021557219436	0
53.7926185544428	0
53.7830796734694	0
53.7735390781006	0
53.7639967674129	0
53.754452740482	0
53.7449069963827	0
53.7353595341889	0
53.7258103529738	0
53.7162594518097	0
53.7067068297682	0
53.6971524859196	0
53.6875964193342	0
53.6780386290805	0
53.668479114227	0
53.6589178738407	0
53.6493549069883	0
53.6397902127353	0
53.6302237901464	0
53.6206556382856	0
53.611085756216	0
53.6015141429999	0
53.5919407976986	0
53.5823657193727	0
53.5727889070817	0
53.5632103598847	0
53.5536300768395	0
53.5440480570034	0
53.5344642994326	0
53.5248788031825	0
53.5152915673078	0
53.5057025908621	0
53.4961118728983	0
53.4865194124685	0
53.4769252086237	0
53.4673292604143	0
53.4577315668896	0
53.4481321270983	0
53.438530940088	0
53.4289280049056	0
53.419323320597	0
53.4097168862074	0
53.4001087007809	0
53.390498763361	0
53.38088707299	0
53.3712736287098	0
53.3616584295608	0
53.3520414745832	0
53.3424227628158	0
53.3328022932968	0
53.3231800650634	0
53.3135560771519	0
53.303930328598	0
53.2943028184362	0
53.2846735457001	0
53.2750425094227	0
53.2654097086358	0
53.2557751423707	0
53.2461388096574	0
53.2365007095253	0
53.2268608410026	0
53.2172192031173	0
53.2075757948954	0
53.1979306153631	0
53.1882836635451	0
53.1786349384653	0
53.1689844391468	0
53.1593321646118	0
53.1496781138815	0
53.1400222859764	0
53.1303646799157	0
53.1207052947181	0
53.1110441294013	0
53.1013811829821	0
53.0917164544762	0
53.0820499428986	0
53.0723816472634	0
53.0627115665836	0
53.0530396998715	0
53.0433660461385	0
53.0336906043949	0
53.0240133736501	0
53.0143343529129	0
53.0046535411907	0
52.9949709374903	0
52.9852865408178	0
52.9756003501778	0
52.9659123645743	0
52.9562225830106	0
52.9465310044885	0
52.9368376280095	0
52.9271424525736	0
52.9174454771805	0
52.9077467008285	0
52.8980461225151	0
52.8883437412368	0
52.8786395559893	0
52.8689335657675	0
52.8592257695649	0
52.8495161663745	0
52.8398047551883	0
52.8300915349971	0
52.820376504791	0
52.8106596635592	0
52.8009410102897	0
52.7912205439698	0
52.7814982635859	0
52.7717741681231	0
52.7620482565659	0
52.7523205278978	0
52.7425909811012	0
52.7328596151577	0
52.7231264290478	0
52.7133914217513	0
52.7036545922468	0
52.6939159395119	0
52.6841754625236	0
52.6744331602577	0
52.664689031689	0
52.6549430757913	0
52.6451952915378	0
52.6354456779002	0
52.6256942338499	0
52.6159409583565	0
52.6061858503894	0
52.5964289089167	0
52.5866701329054	0
52.5769095213218	0
52.5671470731312	0
52.5573827872977	0
52.5476166627847	0
52.5378486985544	0
52.5280788935681	0
52.5183072467863	0
52.5085337571682	0
52.4987584236723	0
52.488981245256	0
52.4792022208757	0
52.4694213494869	0
52.4596386300439	0
52.4498540615003	0
52.4400676428086	0
52.4302793729204	0
52.4204892507859	0
52.4106972753549	0
52.4009034455758	0
52.3911077603962	0
52.3813102187626	0
52.3715108196204	0
52.3617095619145	0
52.3519064445881	0
52.3421014665838	0
52.3322946268433	0
52.3224859243071	0
52.3126753579146	0
52.3028629266045	0
52.2930486293142	0
52.2832324649802	0
52.2734144325381	0
52.2635945309224	0
52.2537727590665	0
52.2439491159029	0
52.2341236003631	0
52.2242962113775	0
52.2144669478755	0
52.2046358087855	0
52.1948027930349	0
52.1849678995501	0
52.1751311272564	0
52.165292475078	0
52.1554519419384	0
52.1456095267597	0
52.1357652284632	0
52.1259190459691	0
52.1160709781964	0
52.1062210240636	0
52.0963691824874	0
52.0865154523842	0
52.0766598326688	0
52.0668023222552	0
52.0569429200565	0
52.0470816249845	0
52.0372184359501	0
52.0273533518631	0
52.0174863716324	0
52.0076174941655	0
51.9977467183694	0
51.9878740431494	0
51.9779994674102	0
51.9681229900554	0
51.9582446099876	0
51.948364326108	0
51.9384821373169	0
51.9285980425139	0
51.918712040597	0
51.9088241304635	0
51.8989343110096	0
51.8890425811301	0
51.8791489397194	0
51.86925338567	0
51.859355917874	0
51.8494565352222	0
51.8395552366043	0
51.829652020909	0
51.8197468870237	0
51.809839833835	0
51.7999308602284	0
51.7900199650882	0
51.7801071472976	0
51.7701924057389	0
51.7602757392931	0
51.7503571468403	0
51.7404366272594	0
51.7305141794282	0
51.7205898022235	0
51.7106634945211	0
51.7007352551953	0
51.6908050831199	0
51.6808729771671	0
51.6709389362081	0
51.6610029591134	0
51.6510650447519	0
51.6411251919916	0
51.6311833996994	0
51.6212396667411	0
51.6112939919814	0
51.6013463742841	0
51.5913968125113	0
51.5814453055245	0
51.5714918521841	0
51.5615364513491	0
51.5515791018776	0
51.5416198026265	0
51.5316585524516	0
51.5216953502074	0
51.5117301947478	0
51.501763084925	0
51.4917940195904	0
51.4818229975941	0
51.4718500177853	0
51.4618750790118	0
51.4518981801206	0
51.4419193199571	0
51.4319384973662	0
51.4219557111909	0
51.4119709602737	0
51.4019842434558	0
51.3919955595772	0
51.3820049074765	0
51.3720122859917	0
51.3620176939593	0
51.3520211302147	0
51.3420225935922	0
51.3320220829249	0
51.3220195970449	0
51.3120151347829	0
51.3020086949686	0
51.2920002764306	0
51.2819898779962	0
51.2719774984917	0
51.2619631367421	0
51.2519467915714	0
51.241928461802	0
51.2319081462559	0
51.2218858437532	0
51.2118615531134	0
51.2018352731543	0
51.191807002693	0
51.1817767405451	0
51.1717444855252	0
51.1617102364466	0
51.1516739921218	0
51.1416357513615	0
51.1315955129756	0
51.1215532757729	0
51.1115090385606	0
51.1014628001453	0
51.091414559332	0
51.0813643149246	0
51.0713120657257	0
51.061257810537	0
51.051201548159	0
51.0411432773904	0
51.0310829970295	0
51.021020705873	0
51.0109564027162	0
51.0008900863539	0
50.9908217555789	0
50.9807514091833	0
50.9706790459577	0
50.9606046646918	0
50.9505282641738	0
50.9404498431908	0
50.9303694005288	0
50.9202869349723	0
50.9102024453049	0
50.9001159303089	0
50.8900273887652	0
50.8799368194536	0
50.8698442211527	0
50.8597495926398	0
50.8496529326911	0
50.8395542400817	0
50.8294535135847	0
50.8193507519731	0
50.8092459540178	0
50.7991391184888	0
50.7890302441549	0
50.7789193297835	0
50.768806374141	0
50.7586913759921	0
50.7485743341009	0
50.7384552472297	0
50.7283341141398	0
50.7182109335913	0
50.7080857043429	0
50.6979584251521	0
50.6878290947751	0
50.6776977119669	0
50.6675642754814	0
50.6574287840709	0
50.6472912364868	0
50.6371516314789	0
50.6270099677958	0
50.6168662441852	0
50.6067204593931	0
50.5965726121642	0
50.5864227012424	0
50.5762707253699	0
50.5661166832877	0
50.5559605737357	0
50.5458023954522	0
50.5356421471747	0
50.5254798276388	0
50.5153154355796	0
50.5051489697299	0
50.4949804288221	0
50.4848098115869	0
50.4746371167538	0
50.464462343051	0
50.4542854892054	0
50.4441065539425	0
50.4339255359868	0
50.423742434061	0
50.4135572468869	0
50.403369973185	0
50.3931806116743	0
50.3829891610724	0
50.372795620096	0
50.3625999874603	0
50.3524022618788	0
50.3422024420641	0
50.3320005267275	0
50.3217965145788	0
50.3115904043266	0
50.301382194678	0
50.291171884339	0
50.2809594720141	0
50.2707449564066	0
50.2605283362183	0
50.2503096101498	0
50.2400887769004	0
50.2298658351678	0
50.2196407836488	0
50.2094136210386	0
50.1991843460307	0
50.188952957318	0
50.1787194535915	0
50.1684838335411	0
50.1582460958552	0
50.1480062392209	0
50.137764262324	0
50.127520163849	0
50.1172739424788	0
50.1070255968951	0
50.0967751257782	0
50.0865225278072	0
50.0762678016595	0
50.0660109460114	0
50.0557519595378	0
50.045490840912	0
50.0352275888063	0
50.0249622018912	0
50.0146946788362	0
50.0044250183092	0
49.9941532189768	0
49.9838792795041	0
49.973603198555	0
49.9633249747919	0
49.9530446068758	0
49.9427620934662	0
49.9324774332216	0
49.9221906247987	0
49.9119016668528	0
49.9016105580381	0
49.8913172970072	0
49.8810218824112	0
49.8707243129001	0
49.8604245871221	0
49.8501227037243	0
49.8398186613524	0
49.8295124586504	0
49.8192040942612	0
49.8088935668257	0
49.7985808749843	0
49.7882660173753	0
49.7779489926357	0
49.7676297994012	0
49.7573084363059	0
49.7469849019827	0
49.7366591950627	0
49.726331314176	0
49.716001257951	0
49.7056690250145	0
49.6953346139925	0
49.6849980235087	0
49.6746592521859	0
49.6643182986455	0
49.653975161507	0
49.6436298393889	0
49.6332823309079	0
49.6229326346796	0
49.6125807493177	0
49.6022266734349	0
49.5918704056422	0
49.5815119445489	0
49.5711512887634	0
49.5607884368921	0
49.5504233875401	0
49.5400561393113	0
49.5296866908077	0
49.5193150406299	0
49.5089411873774	0
49.4985651296477	0
49.4881868660371	0
49.4778063951404	0
49.4674237155509	0
49.4570388258603	0
49.4466517246589	0
49.4362624105354	0
49.4258708820773	0
49.4154771378702	0
49.4050811764983	0
49.3946829965447	0
49.3842825965903	0
49.373879975215	0
49.3634751309971	0
49.3530680625133	0
49.3426587683386	0
49.3322472470469	0
49.3218334972104	0
49.3114175173995	0
49.3009993061835	0
49.2905788621299	0
49.2801561838048	0
49.2697312697727	0
49.2593041185965	0
49.2488747288378	0
49.2384430990563	0
49.2280092278106	0
49.2175731136573	0
49.2071347551516	0
49.1966941508475	0
49.186251299297	0
49.1758061990507	0
49.1653588486577	0
49.1549092466653	0
49.1444573916197	0
49.1340032820653	0
49.1235469165445	0
49.113088293599	0
49.1026274117681	0
49.0921642695901	0
49.0816988656014	0
49.0712311983371	0
49.0607612663303	0
49.0502890681129	0
49.0398146022151	0
49.0293378671655	0
49.0188588614911	0
49.0083775837172	0
48.9978940323679	0
48.9874082059651	0
48.9769201030296	0
48.9664297220804	0
48.9559370616349	0
48.9454421202089	0
48.9349448963166	0
48.9244453884706	0
48.9139435951819	0
48.9034395149597	0
48.892933146312	0
48.8824244877448	0
48.8719135377624	0
48.861400294868	0
48.8508847575627	0
48.8403669243459	0
48.8298467937158	0
48.8193243641688	0
48.8087996341994	0
48.7982726023007	0
48.7877432669641	0
48.7772116266795	0
48.7666776799349	0
48.7561414252167	0
48.7456028610098	0
48.7350619857974	0
48.7245187980608	0
48.7139732962801	0
48.7034254789333	0
48.6928753444969	0
48.6823228914458	0
48.671768118253	0
48.6612110233901	0
48.650651605327	0
48.6400898625317	0
48.6295257934707	0
48.6189593966086	0
48.6083906704087	0
48.5978196133323	0
48.5872462238391	0
48.576670500387	0
48.5660924414324	0
48.5555120454299	0
48.5449293108324	0
48.5343442360909	0
48.5237568196552	0
48.5131670599728	0
48.5025749554898	0
48.4919805046507	0
48.481383705898	0
48.4707845576727	0
48.4601830584137	0
48.4495792065588	0
48.4389730005434	0
48.4283644388018	0
48.4177535197659	0
48.4071402418667	0
48.3965246035324	0
48.3859066031904	0
48.3752862392659	0
48.3646635101824	0
48.3540384143618	0
48.343410950224	0
48.3327811161874	0
48.3221489106683	0
48.3115143320817	0
48.3008773788404	0
48.2902380493558	0
48.2795963420372	0
48.2689522552923	0
48.2583057875271	0
48.2476569371456	0
48.2370057025503	0
48.2263520821415	0
48.2156960743183	0
48.2050376774774	0
48.1943768900142	0
48.1837137103219	0
48.1730481367922	0
48.162380167815	0
48.1517098017781	0
48.1410370370677	0
48.1303618720684	0
48.1196843051624	0
48.1090043347308	0
48.0983219591524	0
48.0876371768042	0
48.0769499860616	0
48.0662603852981	0
48.0555683728851	0
48.0448739471927	0
48.0341771065887	0
48.0234778494392	0
48.0127761741087	0
48.0020720789593	0
47.9913655623518	0
47.9806566226449	0
47.9699452581955	0
47.9592314673587	0
47.9485152484875	0
47.9377965999334	0
47.9270755200458	0
47.9163520071722	0
47.9056260596584	0
47.8948976758482	0
47.8841668540835	0
47.8734335927045	0
47.8626978900494	0
47.8519597444544	0
47.8412191542541	0
47.830476117781	0
47.8197306333656	0
47.8089826993367	0
47.7982323140212	0
47.7874794757441	0
47.7767241828283	0
47.7659664335951	0
47.7552062263635	0
47.7444435594509	0
47.7336784311727	0
47.7229108398424	0
47.7121407837715	0
47.7013682612696	0
47.6905932706443	0
47.6798158102014	0
47.6690358782449	0
47.6582534730764	0
47.6474685929959	0
47.6366812363014	0
47.625891401289	0
47.6150990862526	0
47.6043042894845	0
47.5935070092748	0
47.5827072439117	0
47.5719049916813	0
47.5611002508682	0
47.5502930197543	0
47.5394832966203	0
47.5286710797442	0
47.5178563674027	0
47.5070391578698	0
47.4962194494182	0
47.4853972403182	0
47.4745725288383	0
47.4637453132447	0
47.452915591802	0
47.4420833627725	0
47.4312486244166	0
47.4204113749928	0
47.4095716127574	0
47.3987293359648	0
47.3878845428674	0
47.3770372317154	0
47.3661874007571	0
47.3553350482388	0
47.3444801724048	0
47.3336227714972	0
47.3227628437562	0
47.31190038742	0
47.3010354007245	0
47.2901678819038	0
47.2792978291898	0
47.2684252408126	0
47.2575501149999	0
47.2466724499776	0
47.2357922439693	0
47.2249094951968	0
47.2140242018795	0
47.203136362235	0
47.1922459744787	0
47.1813530368241	0
47.1704575474822	0
47.1595595046623	0
47.1486589065716	0
47.1377557514149	0
47.1268500373952	0
47.1159417627132	0
47.1050309255676	0
47.0941175241548	0
47.0832015566695	0
47.072283021304	0
47.0613619162483	0
47.0504382396907	0
47.039511989817	0
47.0285831648112	0
47.0176517628548	0
47.0067177821275	0
46.9957812208066	0
46.9848420770675	0
46.9739003490832	0
46.9629560350247	0
46.9520091330608	0
46.9410596413582	0
46.9301075580814	0
46.9191528813926	0
46.9081956094521	0
46.8972357404178	0
46.8862732724454	0
46.8753082036888	0
46.8643405322992	0
46.8533702564258	0
46.8423973742159	0
46.8314218838142	0
46.8204437833633	0
46.8094630710039	0
46.798479744874	0
46.7874938031098	0
46.7765052438451	0
46.7655140652115	0
46.7545202653383	0
46.7435238423528	0
46.7325247943799	0
46.7215231195423	0
46.7105188159605	0
46.6995118817526	0
46.6885023150348	0
46.6774901139206	0
46.6664752765218	0
46.6554578009473	0
46.6444376853043	0
46.6334149276976	0
46.6223895262293	0
46.6113614789998	0
46.6003307841071	0
46.5892974396467	0
46.578261443712	0
46.567222794394	0
46.5561814897815	0
46.545137527961	0
46.5340909070168	0
46.5230416250306	0
46.5119896800821	0
46.5009350702486	0
46.4898777936049	0
46.4788178482238	0
46.4677552321755	0
46.4566899435282	0
46.4456219803475	0
46.4345513406967	0
46.4234780226368	0
46.4124020242264	0
46.4013233435221	0
46.3902419785776	0
46.3791579274447	0
46.3680711881726	0
46.3569817588082	0
46.3458896373962	0
46.3347948219786	0
46.3236973105954	0
46.3125971012838	0
46.3014941920791	0
46.2903885810139	0
46.2792802661184	0
46.2681692454206	0
46.2570555169461	0
46.2459390787178	0
46.2348199287565	0
46.2236980650804	0
46.2125734857056	0
46.2014461886454	0
46.190316171911	0
46.1791834335108	0
46.1680479714512	0
46.1569097837358	0
46.1457688683661	0
46.1346252233408	0
46.1234788466565	0
46.1123297363072	0
46.1011778902843	0
46.090023306577	0
46.0788659831719	0
46.0677059180531	0
46.0565431092024	0
46.0453775545989	0
46.0342092522194	0
46.0230382000382	0
46.0118643960269	0
46.0006878381549	0
45.989508524389	0
45.9783264526934	0
45.96714162103	0
45.9559540273579	0
45.944763669634	0
45.9335705458124	0
45.9223746538449	0
45.9111759916807	0
45.8999745572665	0
45.8887703485463	0
45.8775633634618	0
45.866353599952	0
45.8551410559534	0
45.8439257293999	0
45.832707618223	0
45.8214867203514	0
45.8102630337114	0
45.7990365562269	0
45.7878072858187	0
45.7765752204055	0
45.7653403579032	0
45.7541026962253	0
45.7428622332824	0
45.7316189669828	0
45.7203728952321	0
45.7091240159331	0
45.6978723269865	0
45.6866178262896	0
45.6753605117379	0
45.6641003812238	0
45.6528374326371	0
45.6415716638651	0
45.6303030727924	0
45.619031657301	0
45.6077574152702	0
45.5964803445767	0
45.5852004430945	0
45.5739177086949	0
45.5626321392466	0
45.5513437326156	0
45.5400524866653	0
45.5287583992564	0
45.5174614682468	0
45.5061616914917	0
45.4948590668439	0
45.4835535921532	0
45.4722452652668	0
45.4609340840291	0
45.449620046282	0
45.4383031498646	0
45.4269833926131	0
45.4156607723611	0
45.4043352869396	0
45.3930069341766	0
45.3816757118977	0
45.3703416179253	0
45.3590046500795	0
45.3476648061773	0
45.3363220840333	0
45.3249764814589	0
45.313627996263	0
45.3022766262517	0
45.2909223692284	0
45.2795652229934	0
45.2682051853446	0
45.2568422540767	0
45.2454764269822	0
45.23410770185	0
45.2227360764668	0
45.2113615486164	0
45.1999841160795	0
45.1886037766342	0
45.1772205280557	0
45.1658343681164	0
45.1544452945859	0
45.1430533052308	0
45.131658397815	0
45.1202605700995	0
45.1088598198424	0
45.0974561447989	0
45.0860495427215	0
45.0746400113598	0
45.0632275484603	0
45.0518121517667	0
45.0403938190199	0
45.0289725479579	0
45.0175483363157	0
45.0061211818256	0
44.9946910822167	0
44.9832580352154	0
44.9718220385451	0
44.9603830899262	0
44.9489411870762	0
44.9374963277099	0
44.9260485095387	0
44.9145977302715	0
44.9031439876141	0
44.8916872792691	0
44.8802276029365	0
44.868764956313	0
44.8572993370925	0
44.8458307429661	0
44.8343591716215	0
44.8228846207437	0
44.8114070880147	0
44.7999265711132	0
44.7884430677154	0
44.776956575494	0
44.7654670921189	0
44.753974615257	0
44.7424791425722	0
44.7309806717251	0
44.7194792003736	0
44.7079747261725	0
44.6964672467732	0
44.6849567598243	0
44.6734432629716	0
44.6619267538573	0
44.6504072301209	0
44.6388846893987	0
44.6273591293239	0
44.6158305475266	0
44.6042989416338	0
44.5927643092696	0
44.5812266480547	0
44.5696859556068	0
44.5581422295404	0
44.5465954674671	0
44.5350456669952	0
44.5234928257299	0
44.5119369412732	0
44.500378011224	0
44.4888160331781	0
44.477251004728	0
44.4656829234631	0
44.4541117869699	0
44.4425375928312	0
44.4309603386269	0
44.4193800219339	0
44.4077966403255	0
44.396210191372	0
44.3846206726407	0
44.3730280816953	0
44.3614324160965	0
44.3498336734017	0
44.3382318511652	0
44.3266269469379	0
44.3150189582675	0
44.3034078826986	0
44.2917937177723	0
44.2801764610266	0
44.2685561099962	0
44.2569326622126	0
44.2453061152038	0
44.2336764664947	0
44.222043713607	0
44.2104078540587	0
44.198768885365	0
44.1871268050375	0
44.1754816105844	0
44.163833299511	0
44.1521818693187	0
44.1405273175061	0
44.1288696415681	0
44.1172088389962	0
44.105544907279	0
44.0938778439014	0
44.0822076463448	0
44.0705343120876	0
44.0588578386046	0
44.0471782233672	0
44.0354954638436	0
44.0238095574982	0
44.0121205017926	0
44.0004282941844	0
43.9887329321281	0
43.9770344130748	0
43.9653327344719	0
43.9536278937638	0
43.9419198883909	0
43.9302087157908	0
43.9184943733971	0
43.9067768586401	0
43.8950561689468	0
43.8833323017405	0
43.8716052544411	0
43.8598750244652	0
43.8481416092256	0
43.8364050061316	0
43.8246652125894	0
43.8129222260011	0
43.8011760437659	0
43.789426663279	0
43.7776740819323	0
43.7659182971139	0
43.7541593062088	0
43.7423971065979	0
43.730631695659	0
43.7188630707661	0
43.7070912292898	0
43.6953161685968	0
43.6835378860505	0
43.6717563790105	0
43.6599716448331	0
43.6481836808707	0
43.6363924844721	0
43.6245980529828	0
43.6128003837442	0
43.6009994740943	0
43.5891953213675	0
43.5773879228946	0
43.5655772760025	0
43.5537633780146	0
43.5419462262507	0
43.5301258180267	0
43.5183021506549	0
43.506475221444	0
43.4946450276991	0
43.4828115667213	0
43.470974835808	0
43.4591348322532	0
43.447291553347	0
43.4354449963755	0
43.4235951586214	0
43.4117420373636	0
43.3998856298772	0
43.3880259334334	0
43.3761629452998	0
43.3642966627402	0
43.3524270830146	0
43.3405542033792	0
43.3286780210862	0
43.3167985333844	0
43.3049157375184	0
43.2930296307293	0
43.281140210254	0
43.2692474733259	0
43.2573514171744	0
43.2454520390251	0
43.2335493360996	0
43.2216433056159	0
43.2097339447878	0
43.1978212508254	0
43.1859052209349	0
43.1739858523188	0
43.1620631421751	0
43.1501370876986	0
43.1382076860796	0
43.126274934505	0
43.1143388301571	0
43.102399370215	0
43.0904565518533	0
43.0785103722428	0
43.0665608285504	0
43.0546079179389	0
43.0426516375674	0
43.0306919845906	0
43.0187289561595	0
43.0067625494211	0
42.994792761518	0
42.9828195895894	0
42.9708430307698	0
42.9588630821902	0
42.9468797409773	0
42.9348930042537	0
42.9229028691381	0
42.9109093327451	0
42.8989123921851	0
42.8869120445646	0
42.8749082869857	0
42.8629011165467	0
42.8508905303418	0
42.8388765254609	0
42.8268590989896	0
42.8148382480099	0
42.8028139695992	0
42.7907862608309	0
42.7787551187743	0
42.7667205404945	0
42.7546825230524	0
42.7426410635046	0
42.7305961589036	0
42.7185478062979	0
42.7064960027315	0
42.6944407452443	0
42.6823820308719	0
42.6703198566458	0
42.6582542195932	0
42.6461851167369	0
42.6341125450957	0
42.6220365016839	0
42.6099569835117	0
42.5978739875849	0
42.5857875109051	0
42.5736975504694	0
42.5616041032708	0
42.5495071662979	0
42.5374067365349	0
42.5253028109618	0
42.5131953865543	0
42.5010844602834	0
42.488970029116	0
42.4768520900147	0
42.4647306399376	0
42.4526056758384	0
42.4404771946664	0
42.4283451933664	0
42.4162096688791	0
42.4040706181403	0
42.3919280380819	0
42.3797819256309	0
42.36763227771	0
42.3554790912376	0
42.3433223631275	0
42.3311620902889	0
42.3189982696266	0
42.306830898041	0
42.2946599724281	0
42.2824854896787	0
42.27030744668	0
42.2581258403141	0
42.2459406674586	0
42.2337519249868	0
42.2215596097671	0
42.2093637186636	0
42.1971642485357	0
42.1849611962382	0
42.1727545586213	0
42.1605443325307	0
42.1483305148073	0
42.1361131022874	0
42.1238920918029	0
42.1116674801807	0
42.0994392642433	0
42.0872074408085	0
42.0749720066892	0
42.062732958694	0
42.0504902936264	0
42.0382440082855	0
42.0259940994654	0
42.0137405639558	0
42.0014833985415	0
41.9892226000024	0
41.9769581651139	0
41.9646900906466	0
41.9524183733662	0
41.9401430100337	0
41.9278639974053	0
41.9155813322323	0
41.9032950112612	0
41.891005031234	0
41.8787113888874	0
41.8664140809536	0
41.8541131041596	0
41.8418084552279	0
41.829500130876	0
41.8171881278163	0
41.8048724427567	0
41.7925530723999	0
41.7802300134437	0
41.7679032625812	0
41.7555728165002	0
41.743238671884	0
41.7309008254105	0
41.7185592737529	0
41.7062140135794	0
41.6938650415532	0
41.6815123543324	0
41.6691559485701	0
41.6567958209147	0
41.644431968009	0
41.6320643864913	0
41.6196930729946	0
41.6073180241468	0
41.5949392365708	0
41.5825567068844	0
41.5701704317004	0
41.5577804076263	0
41.5453866312648	0
41.532989099213	0
41.5205878080634	0
41.5081827544029	0
41.4957739348135	0
41.4833613458719	0
41.4709449841498	0
41.4585248462135	0
41.4461009286243	0
41.433673227938	0
41.4212417407055	0
41.4088064634723	0
41.3963673927786	0
41.3839245251594	0
41.3714778571445	0
41.3590273852585	0
41.3465731060203	0
41.3341150159439	0
41.3216531115379	0
41.3091873893056	0
41.2967178457447	0
41.2842444773479	0
41.2717672806023	0
41.2592862519898	0
41.2468013879868	0
41.2343126850643	0
41.221820139688	0
41.2093237483181	0
41.1968235074094	0
41.1843194134113	0
41.1718114627676	0
41.1592996519169	0
41.146783977292	0
41.1342644353204	0
41.1217410224242	0
41.1092137350198	0
41.0966825695181	0
41.0841475223245	0
41.071608589839	0
41.0590657684559	0
41.0465190545637	0
41.0339684445458	0
41.0214139347797	0
41.0088555216373	0
40.996293201485	0
40.9837269706835	0
40.9711568255878	0
40.9585827625474	0
40.946004777906	0
40.9334228680016	0
40.9208370291667	0
40.9082472577278	0
40.8956535500061	0
40.8830559023166	0
40.8704543109688	0
40.8578487722665	0
40.8452392825075	0
40.8326258379842	0
40.8200084349829	0
40.807387069784	0
40.7947617386627	0
40.7821324378875	0
40.7694991637216	0
40.7568619124223	0
40.744220680241	0
40.731575463423	0
40.7189262582081	0
40.70627306083	0
40.6936158675163	0
40.6809546744889	0
40.6682894779637	0
40.6556202741506	0
40.6429470592535	0
40.6302698294704	0
40.6175885809934	0
40.6049033100082	0
40.592214012695	0
40.5795206852276	0
40.5668233237737	0
40.5541219244952	0
40.5414164835478	0
40.5287069970811	0
40.5159934612385	0
40.5032758721575	0
40.4905542259693	0
40.477828518799	0
40.4650987467655	0
40.4523649059817	0
40.439626992554	0
40.4268850025828	0
40.4141389321623	0
40.4013887773805	0
40.388634534319	0
40.3758761990533	0
40.3631137676525	0
40.3503472361795	0
40.3375766006908	0
40.3248018572368	0
40.3120230018614	0
40.2992400306021	0
40.2864529394902	0
40.2736617245506	0
40.2608663818017	0
40.2480669072557	0
40.2352632969182	0
40.2224555467885	0
40.2096436528593	0
40.196827611117	0
40.1840074175415	0
40.1711830681062	0
40.158354558778	0
40.1455218855172	0
40.1326850442778	0
40.1198440310069	0
40.1069988416453	0
40.0941494721273	0
40.0812959183804	0
40.0684381763255	0
40.0555762418771	0
40.0427101109429	0
40.0298397794239	0
40.0169652432146	0
40.0040864982026	0
39.991203540269	0
39.9783163652882	0
39.9654249691278	0
39.9525293476486	0
39.9396294967047	0
39.9267254121435	0
39.9138170898055	0
39.9009045255246	0
39.8879877151275	0
39.8750666544345	0
39.8621413392587	0
39.8492117654066	0
39.8362779286775	0
39.8233398248644	0
39.8103974497526	0
39.7974507991211	0
39.7844998687417	0
39.7715446543792	0
39.7585851517916	0
39.7456213567297	0
39.7326532649374	0
39.7196808721516	0
39.7067041741022	0
39.6937231665119	0
39.6807378450963	0
39.6677482055642	0
39.654754243617	0
39.6417559549491	0
39.6287533352479	0
39.6157463801931	0
39.6027350854581	0
39.5897194467083	0
39.5766994596023	0
39.5636751197915	0
39.5506464229199	0
39.5376133646243	0
39.5245759405342	0
39.511534146272	0
39.4984879774524	0
39.4854374296833	0
39.4723824985648	0
39.4593231796898	0
39.446259468644	0
39.4331913610054	0
39.4201188523449	0
39.4070419382257	0
39.3939606142037	0
39.3808748758274	0
39.3677847186376	0
39.3546901381678	0
39.341591129944	0
39.3284876894845	0
39.3153798123001	0
39.3022674938941	0
39.2891507297624	0
39.2760295153928	0
39.2629038462659	0
39.2497737178545	0
39.2366391256239	0
39.2235000650314	0
39.2103565315268	0
39.1972085205523	0
39.1840560275423	0
39.1708990479233	0
39.1577375771142	0
39.144571610526	0
39.131401143562	0
39.1182261716177	0
39.1050466900805	0
39.0918626943303	0
39.078674179739	0
39.0654811416703	0
39.0522835754805	0
39.0390814765176	0
39.0258748401218	0
39.0126636616252	0
38.999447936352	0
38.9862276596184	0
38.9730028267327	0
38.9597734329947	0
38.9465394736966	0
38.9333009441225	0
38.9200578395479	0
38.9068101552407	0
38.8935578864604	0
38.8803010284585	0
38.867039576478	0
38.8537735257541	0
38.8405028715135	0
38.8272276089747	0
38.813947733348	0
38.8006632398354	0
38.7873741236305	0
38.7740803799188	0
38.7607820038771	0
38.7474789906742	0
38.7341713354703	0
38.7208590334173	0
38.7075420796584	0
38.6942204693289	0
38.6808941975551	0
38.667563259455	0
38.6542276501382	0
38.6408873647056	0
38.6275423982497	0
38.6141927458543	0
38.6008384025947	0
38.5874793635375	0
38.5741156237408	0
38.5607471782538	0
38.5473740221173	0
38.5339961503633	0
38.520613558015	0
38.507226240087	0
38.4938341915849	0
38.4804374075059	0
38.467035882838	0
38.4536296125606	0
38.4402185916442	0
38.4268028150503	0
38.4133822777318	0
38.3999569746325	0
38.3865269006872	0
38.3730920508219	0
38.3596524199534	0
38.3462080029898	0
38.3327587948299	0
38.3193047903637	0
38.3058459844718	0
38.292382372026	0
38.2789139478889	0
38.265440706914	0
38.2519626439454	0
38.2384797538184	0
38.2249920313588	0
38.2114994713832	0
38.1980020686992	0
38.1844998181047	0
38.1709927143888	0
38.1574807523309	0
38.143963926701	0
38.1304422322601	0
38.1169156637597	0
38.1033842159416	0
38.0898478835384	0
38.0763066612732	0
38.0627605438597	0
38.0492095260019	0
38.0356536023944	0
38.0220927677222	0
38.0085270166606	0
37.9949563438757	0
37.9813807440234	0
37.9678002117503	0
37.9542147416933	0
37.9406243284796	0
37.9270289667265	0
37.9134286510417	0
37.899823376023	0
37.8862131362587	0
37.8725979263268	0
37.8589777407959	0
37.8453525742244	0
37.831722421161	0
37.8180872761442	0
37.804447133703	0
37.7908019883561	0
37.777151834612	0
37.7634966669698	0
37.7498364799179	0
37.736171267935	0
37.7225010254895	0
37.7088257470399	0
37.6951454270342	0
37.6814600599105	0
37.6677696400967	0
37.6540741620102	0
37.6403736200583	0
37.626668008638	0
37.6129573221361	0
37.5992415549289	0
37.5855207013823	0
37.5717947558519	0
37.5580637126829	0
37.5443275662099	0
37.5305863107573	0
37.5168399406388	0
37.5030884501574	0
37.4893318336059	0
37.4755700852663	0
37.4618031994101	0
37.448031170298	0
37.4342539921802	0
37.420471659296	0
37.4066841658743	0
37.3928915061329	0
37.379093674279	0
37.365290664509	0
37.3514824710084	0
37.3376690879518	0
37.3238505095032	0
37.3100267298152	0
37.2961977430298	0
37.282363543278	0
37.2685241246795	0
37.2546794813434	0
37.2408296073673	0
37.2269744968381	0
37.2131141438313	0
37.1992485424114	0
37.1853776866315	0
37.1715015705338	0
37.1576201881491	0
37.1437335334968	0
37.1298416005854	0
37.1159443834115	0
37.1020418759608	0
37.0881340722074	0
37.074220966114	0
37.0603025516319	0
37.046378822701	0
37.0324497732495	0
37.0185153971941	0
37.0045756884401	0
36.9906306408809	0
36.9766802483985	0
36.9627245048633	0
36.9487634041336	0
36.9347969400564	0
36.9208251064668	0
36.906847897188	0
36.8928653060316	0
36.8788773267971	0
36.8648839532723	0
36.8508851792328	0
36.8368809984427	0
36.8228714046539	0
36.808856391606	0
36.7948359530271	0
36.7808100826327	0
36.7667787741267	0
36.7527420212003	0
36.7386998175329	0
36.7246521567917	0
36.7105990326316	0
36.6965404386948	0
36.682476368612	0
36.668406816001	0
36.6543317744673	0
36.6402512376039	0
36.6261651989918	0
36.612073652199	0
36.5979765907814	0
36.583874008282	0
36.5697658982313	0
36.5556522541476	0
36.5415330695361	0
36.5274083378893	0
36.5132780526873	0
36.4991422073972	0
36.4850007954734	0
36.4708538103575	0
36.4567012454782	0
36.4425430942514	0
36.4283793500798	0
36.4142100063535	0
36.4000350564495	0
36.3858544937315	0
36.3716683115506	0
36.3574765032442	0
36.3432790621371	0
36.3290759815408	0
36.3148672547533	0
36.3006528750596	0
36.2864328357314	0
36.272207130027	0
36.2579757511914	0
36.2437386924561	0
36.2294959470394	0
36.2152475081458	0
36.2009933689666	0
36.1867335226793	0
36.1724679624479	0
36.158196681423	0
36.1439196727411	0
36.1296369295253	0
36.1153484448851	0
36.1010542119158	0
36.0867542236992	0
36.0724484733031	0
36.0581369537816	0
36.0438196581746	0
36.0294965795083	0
36.0151677107947	0
36.0008330450319	0
35.9864925752036	0
35.9721462942798	0
35.957794195216	0
35.9434362709538	0
35.9290725144201	0
35.9147029185281	0
35.9003274761762	0
35.8859461802486	0
35.8715590236151	0
35.857165999131	0
35.8427670996373	0
35.82836231796	0
35.8139516469112	0
35.7995350792878	0
35.7851126078723	0
35.7706842254325	0
35.7562499247215	0
35.7418096984775	0
35.7273635394238	0
35.7129114402693	0
35.6984533937073	0
35.6839893924166	0
35.669519429061	0
35.6550434962891	0
35.6405615867345	0
35.6260736930158	0
35.6115798077362	0
35.5970799234837	0
35.5825740328312	0
35.5680621283363	0
35.5535442025413	0
35.5390202479728	0
35.5244902571422	0
35.5099542225456	0
35.4954121366633	0
35.48086399196	0
35.4663097808851	0
35.4517494958721	0
35.4371831293389	0
35.4226106736875	0
35.4080321213042	0
35.3934474645597	0
35.3788566958085	0
35.3642598073893	0
35.3496567916247	0
35.3350476408214	0
35.3204323472702	0
35.3058109032454	0
35.2911833010053	0
35.2765495327922	0
35.2619095908318	0
35.2472634673337	0
35.2326111544911	0
35.2179526444809	0
35.2032879294633	0
35.1886170015822	0
35.173939852965	0
35.1592564757223	0
35.1445668619483	0
35.1298710037202	0
35.1151688930987	0
35.1004605221277	0
35.0857458828341	0
35.0710249672281	0
35.0562977673028	0
35.0415642750343	0
35.0268244823819	0
35.0120783812876	0
34.9973259636762	0
34.9825672214555	0
34.967802146516	0
34.9530307307306	0
34.9382529659553	0
34.9234688440286	0
34.9086783567712	0
34.8938814959868	0
34.8790782534611	0
34.8642686209625	0
34.8494525902416	0
34.8346301530313	0
34.8198013010467	0
34.8049660259851	0
34.790124319526	0
34.775276173331	0
34.7604215790434	0
34.7455605282889	0
34.7306930126747	0
34.7158190237903	0
34.7009385532065	0
34.6860515924762	0
34.6711581331339	0
34.6562581666957	0
34.6413516846593	0
34.6264386785039	0
34.61151913969	0
34.59659305966	0
34.5816604298371	0
34.5667212416262	0
34.5517754864132	0
34.5368231555652	0
34.5218642404304	0
34.5068987323383	0
34.4919266225992	0
34.4769479025044	0
34.461962563326	0
34.4469705963171	0
34.4319719927115	0
34.4169667437237	0
34.4019548405488	0
34.3869362743625	0
34.3719110363213	0
34.3568791175618	0
34.3418405092013	0
34.3267952023372	0
34.3117431880474	0
34.29668445739	0
34.2816190014033	0
34.2665468111054	0
34.2514678774949	0
34.2363821915502	0
34.2212897442295	0
34.206190526471	0
34.1910845291927	0
34.1759717432923	0
34.1608521596472	0
34.1457257691143	0
34.1305925625303	0
34.115452530711	0
34.100305664452	0
34.0851519545281	0
34.0699913916932	0
34.0548239666808	0
34.0396496702034	0
34.0244684929523	0
34.0092804255982	0
33.9940854587907	0
33.9788835831583	0
33.963674789308	0
33.9484590678261	0
33.9332364092771	0
33.9180068042046	0
33.9027702431303	0
33.8875267165547	0
33.8722762149565	0
33.857018728793	0
33.8417542484997	0
33.8264827644901	0
33.8112042671561	0
33.7959187468677	0
33.7806261939727	0
33.765326598797	0
33.7500199516442	0
33.7347062427959	0
33.7193854625114	0
33.7040576010275	0
33.6887226485587	0
33.673380595297	0
33.6580314314117	0
33.6426751470497	0
33.627311732335	0
33.611941177369	0
33.5965634722301	0
33.5811786069737	0
33.5657865716325	0
33.5503873562157	0
33.5349809507098	0
33.5195673450777	0
33.5041465292592	0
33.4887184931708	0
33.4732832267052	0
33.457840719732	0
33.4423909620969	0
33.4269339436219	0
33.4114696541055	0
33.3959980833222	0
33.3805192210226	0
33.3650330569331	0
33.3495395807564	0
33.3340387821709	0
33.3185306508307	0
33.3030151763656	0
33.2874923483811	0
33.2719621564581	0
33.2564245901531	0
33.2408796389979	0
33.2253272924995	0
33.2097675401403	0
33.1942003713776	0
33.1786257756439	0
33.1630437423466	0
33.1474542608681	0
33.1318573205653	0
33.1162529107702	0
33.100641020789	0
33.0850216399028	0
33.0693947573671	0
33.0537603624115	0
33.03811844424	0
33.0224689920312	0
33.0068119949373	0
32.9911474420846	0
32.9754753225736	0
32.9597956254785	0
32.9441083398473	0
32.9284134547016	0
32.9127109590365	0
32.897000841821	0
32.8812830919972	0
32.8655576984804	0
32.8498246501594	0
32.8340839358961	0
32.8183355445253	0
32.8025794648549	0
32.7868156856657	0
32.7710441957111	0
32.7552649837172	0
32.7394780383829	0
32.7236833483794	0
32.7078809023504	0
32.692070688912	0
32.6762526966521	0
32.6604269141314	0
32.6445933298819	0
32.628751932408	0
32.6129027101858	0
32.5970456516632	0
32.5811807452596	0
32.5653079793661	0
32.5494273423451	0
32.5335388225305	0
32.5176424082273	0
32.5017380877117	0
32.4858258492311	0
32.4699056810035	0
32.4539775712182	0
32.4380415080348	0
32.4220974795839	0
32.4061454739665	0
32.390185479254	0
32.3742174834883	0
32.3582414746813	0
32.3422574408152	0
32.3262653698423	0
32.3102652496846	0
32.2942570682341	0
32.2782408133524	0
32.2622164728709	0
32.2461840345902	0
32.2301434862806	0
32.2140948156816	0
32.1980380105017	0
32.1819730584187	0
32.1658999470793	0
32.149818664099	0
32.1337291970621	0
32.1176315335214	0
32.1015256609986	0
32.0854115669833	0
32.0692892389337	0
32.0531586642763	0
32.0370198304053	0
32.0208727246834	0
32.0047173344404	0
31.9885536469747	0
31.9723816495517	0
31.9562013294044	0
31.9400126737335	0
31.9238156697065	0
31.9076103044585	0
31.8913965650915	0
31.8751744386742	0
31.8589439122424	0
31.8427049727983	0
31.826457607311	0
31.8102018027158	0
31.7939375459144	0
31.7776648237746	0
31.7613836231305	0
31.7450939307818	0
31.7287957334946	0
31.712489018	0
31.6961737709952	0
31.6798499791427	0
31.6635176290704	0
31.6471767073713	0
31.6308272006035	0
31.6144690952901	0
31.5981023779191	0
31.581727034943	0
31.5653430527791	0
31.548950417809	0
31.5325491163786	0
31.516139134798	0
31.4997204593414	0
31.483293076247	0
31.4668569717165	0
31.4504121319155	0
31.4339585429731	0
31.4174961909817	0
31.4010250619968	0
31.3845451420374	0
31.3680564170852	0
31.3515588730848	0
31.3350524959435	0
31.3185372715312	0
31.3020131856801	0
31.2854802241848	0
31.2689383728021	0
31.2523876172507	0
31.2358279432111	0
31.2192593363256	0
31.2026817821983	0
31.1860952663942	0
31.16949977444	0
31.1528952918236	0
31.1362818039936	0
31.1196592963596	0
31.1030277542919	0
31.0863871631213	0
31.0697375081391	0
31.0530787745969	0
31.0364109477063	0
31.0197340126387	0
31.0030479545256	0
30.9863527584581	0
30.9696484094866	0
30.9529348926212	0
30.9362121928306	0
30.9194802950433	0
30.9027391841461	0
30.8859888449847	0
30.8692292623634	0
30.8524604210449	0
30.8356823057502	0
30.8188949011582	0
30.8020981919059	0
30.7852921625881	0
30.768476797757	0
30.7516520819225	0
30.7348179995515	0
30.7179745350682	0
30.7011216728538	0
30.6842593972461	0
30.6673876925396	0
30.6505065429853	0
30.6336159327903	0
30.616715846118	0
30.5998062670878	0
30.5828871797745	0
30.5659585682089	0
30.5490204163769	0
30.53207270822	0
30.5151154276343	0
30.4981485584714	0
30.4811720845369	0
30.4641859895917	0
30.4471902573504	0
30.4301848714822	0
30.4131698156101	0
30.3961450733111	0
30.3791106281158	0
30.3620664635081	0
30.3450125629252	0
30.3279489097577	0
30.3108754873487	0
30.2937922789942	0
30.2766992679427	0
30.2595964373953	0
30.2424837705048	0
30.2253612503761	0
30.2082288600663	0
30.1910865825834	0
30.1739344008872	0
30.1567722978888	0
30.1396002564498	0
30.1224182593832	0
30.1052262894521	0
30.0880243293702	0
30.0708123618016	0
30.05359036936	0
30.0363583346093	0
30.0191162400628	0
30.0018640681831	0
29.9846018013821	0
29.9673294220208	0
29.9500469124089	0
29.9327542548045	0
29.9154514314143	0
29.8981384243931	0
29.8808152158436	0
29.8634817878161	0
29.8461381223086	0
29.8287842012664	0
29.8114200065817	0
29.794045520094	0
29.7766607235888	0
29.7592655987986	0
29.7418601274019	0
29.724444291023	0
29.7070180712324	0
29.6895814495458	0
29.6721344074243	0
29.6546769262741	0
29.6372089874463	0
29.6197305722368	0
29.6022416618854	0
29.5847422375767	0
29.5672322804388	0
29.5497117715437	0
29.5321806919069	0
29.5146390224871	0
29.4970867441859	0
29.4795238378479	0
29.4619502842599	0
29.4443660641513	0
29.4267711581935	0
29.4091655469994	0
29.3915492111239	0
29.373922131063	0
29.3562842872535	0
29.3386356600734	0
29.3209762298412	0
29.3033059768156	0
29.2856248811954	0
29.2679329231192	0
29.250230082665	0
29.2325163398505	0
29.214791674632	0
29.1970560669048	0
29.1793094965027	0
29.1615519431978	0
29.1437833866998	0
29.1260038066567	0
29.1082131826536	0
29.0904114942128	0
29.0725987207936	0
29.054774841792	0
29.0369398365401	0
29.0190936843064	0
29.0012363642951	0
28.9833678556459	0
28.9654881374338	0
28.9475971886689	0
28.9296949882957	0
28.9117815151934	0
28.8938567481753	0
28.8759206659883	0
28.8579732473132	0
28.8400144707637	0
28.8220443148869	0
28.8040627581621	0
28.7860697790015	0
28.7680653557489	0
28.7500494666802	0
28.7320220900026	0
28.7139832038548	0
28.695932786306	0
28.6778708153561	0
28.6597972689354	0
28.6417121249042	0
28.6236153610521	0
28.6055069550984	0
28.5873868846913	0
28.5692551274077	0
28.5511116607528	0
28.5329564621601	0
28.5147895089908	0
28.4966107785332	0
28.4784202480032	0
28.4602178945431	0
28.4420036952219	0
28.4237776270345	0
28.4055396669017	0
28.3872897916698	0
28.3690279781101	0
28.3507542029187	0
28.3324684427163	0
28.3141706740474	0
28.2958608733805	0
28.2775390171074	0
28.259205081543	0
28.2408590429248	0
28.2225008774127	0
28.2041305610887	0
28.1857480699564	0
28.1673533799406	0
28.1489464668871	0
28.1305273065621	0
28.1120958746522	0
28.0936521467638	0
28.0751960984227	0
28.0567277050738	0
28.0382469420806	0
28.0197537847252	0
28.0012482082074	0
27.9827301876448	0
27.9641996980719	0
27.9456567144403	0
27.927101211618	0
27.9085331643887	0
27.8899525474523	0
27.8713593354235	0
27.8527535028319	0
27.8341350241219	0
27.8155038736514	0
27.7968600256925	0
27.7782034544301	0
27.7595341339623	0
27.7408520382993	0
27.7221571413636	0
27.7034494169891	0
27.6847288389209	0
27.6659953808149	0
27.6472490162373	0
27.6284897186642	0
27.6097174614812	0
27.590932217983	0
27.5721339613727	0
27.5533226647618	0
27.5344983011695	0
27.5156608435221	0
27.496810264653	0
27.4779465373019	0
27.4590696341143	0
27.4401795276414	0
27.4212761903394	0
27.402359594569	0
27.383429712595	0
27.3644865165859	0
27.3455299786136	0
27.3265600706523	0
27.3075767645788	0
27.2885800321715	0
27.26956984511	0
27.250546174975	0
27.2315089932472	0
27.2124582713072	0
27.1933939804353	0
27.17431609181	0
27.1552245765088	0
27.1361194055067	0
27.1170005496759	0
27.0978679797859	0
27.078721666502	0
27.0595615803858	0
27.0403876918938	0
27.0211999713776	0
27.0019983890829	0
26.982782915149	0
26.9635535196085	0
26.944310172387	0
26.9250528433015	0
26.9057815020613	0
26.8864961182664	0
26.8671966614072	0
26.8478831008643	0
26.8285554059076	0
26.8092135456957	0
26.7898574892758	0
26.7704872055822	0
26.7511026634371	0
26.7317038315488	0
26.7122906785115	0
26.6928631728051	0
26.6734212827942	0
26.6539649767277	0
26.634494222738	0
26.6150089888407	0
26.5955092429337	0
26.5759949527969	0
26.5564660860914	0
26.5369226103589	0
26.5173644930211	0
26.4977917013791	0
26.4782042026128	0
26.4586019637801	0
26.4389849518168	0
26.4193531335351	0
26.3997064756238	0
26.380044944647	0
26.360368507044	0
26.3406771291281	0
26.3209707770867	0
26.3012494169797	0
26.2815130147394	0
26.26176153617	0
26.2419949469464	0
26.2222132126139	0
26.2024162985872	0
26.1826041701501	0
26.1627767924548	0
26.1429341305204	0
26.1230761492335	0
26.1032028133463	0
26.0833140874767	0
26.0634099361071	0
26.0434903235838	0
26.0235552141165	0
26.0036045717774	0
25.9836383605003	0
25.96365654408	0
25.9436590861717	0
25.9236459502899	0
25.9036170998082	0
25.8835724979578	0
25.8635121078273	0
25.8434358923619	0
25.8233438143621	0
25.8032358364836	0
25.783111921236	0
25.7629720309822	0
25.7428161279378	0
25.7226441741699	0
25.7024561315965	0
25.6822519619855	0
25.6620316269544	0
25.6417950879689	0
25.6215423063421	0
25.601273243234	0
25.5809878596506	0
25.5606861164426	0
25.5403679743052	0
25.5200333937766	0
25.4996823352376	0
25.4793147589105	0
25.4589306248583	0
25.4385298929837	0
25.4181125230283	0
25.3976784745716	0
25.3772277070304	0
25.3567601796573	0
25.3362758515404	0
25.3157746816019	0
25.2952566285975	0
25.2747216511152	0
25.2541697075745	0
25.2336007562255	0
25.2130147551475	0
25.1924116622488	0
25.171791435265	0
25.1511540317583	0
25.1304994091168	0
25.1098275245528	0
25.0891383351025	0
25.0684317976246	0
25.0477078687992	0
25.0269665051272	0
25.0062076629289	0
24.9854312983429	0
24.9646373673254	0
24.9438258256488	0
24.9229966289008	0
24.9021497324835	0
24.8812850916116	0
24.8604026613124	0
24.8395023964236	0
24.8185842515932	0
24.7976481812774	0
24.7766941397402	0
24.7557220810521	0
24.7347319590887	0
24.7137237275299	0
24.6926973398583	0
24.6716527493586	0
24.6505899091159	0
24.629508772015	0
24.6084092907386	0
24.5872914177665	0
24.5661551053746	0
24.545000305633	0
24.5238269704055	0
24.5026350513477	0
24.4814244999063	0
24.4601952673176	0
24.4389473046059	0
24.4176805625831	0
24.3963949918462	0
24.3750905427772	0
24.353767165541	0
24.3324248100842	0
24.3110634261342	0
24.2896829631972	0
24.2682833705574	0
24.2468645972754	0
24.2254265921868	0
24.2039693039008	0
24.182492680799	0
24.1609966710337	0
24.1394812225267	0
24.117946282968	0
24.0963917998139	0
24.0748177202858	0
24.0532239913689	0
24.0316105598106	0
24.0099773721187	0
23.9883243745605	0
23.9666515131609	0
23.9449587337007	0
23.9232459817156	0
23.9015132024942	0
23.8797603410765	0
23.8579873422528	0
23.8361941505614	0
23.8143807102873	0
23.7925469654608	0
23.7706928598556	0
23.7488183369873	0
23.7269233401117	0
23.7050078122231	0
23.6830716960525	0
23.6611149340664	0
23.6391374684645	0
23.6171392411782	0
23.5951201938691	0
23.5730802679268	0
23.5510194044675	0
23.5289375443322	0
23.5068346280845	0
23.4847105960092	0
23.4625653881107	0
23.4403989441102	0
23.418211203445	0
23.3960021052658	0
23.3737715884352	0
23.3515195915257	0
23.3292460528177	0
23.3069509102977	0
23.2846341016564	0
23.2622955642864	0
23.2399352352806	0
23.21755305143	0
23.1951489492216	0
23.1727228648367	0
23.1502747341484	0
23.1278044927198	0
23.1053120758019	0
23.0827974183315	0
23.0602604549289	0
23.0377011198959	0
23.0151193472137	0
22.9925150705404	0
22.9698882232094	0
22.9472387382265	0
22.9245665482681	0
22.9018715856786	0
22.8791537824687	0
22.8564130703123	0
22.8336493805449	0
22.810862644161	0
22.7880527918113	0
22.7652197538012	0
22.7423634600875	0
22.7194838402768	0
22.6965808236222	0
22.6736543390216	0
22.6507043150148	0
22.627730679781	0
22.6047333611364	0
22.5817122865314	0
22.5586673830485	0
22.5355985773991	0
22.5125057959213	0
22.4893889645771	0
22.4662480089496	0
22.4430828542405	0
22.4198934252674	0
22.3966796464608	0
22.3734414418615	0
22.3501787351178	0
22.3268914494827	0
22.3035795078108	0
22.2802428325556	0
22.256881345767	0
22.2334949690875	0
22.2100836237498	0
22.186647230574	0
22.1631857099638	0
22.1396989819045	0
22.1161869659589	0
22.092649581265	0
22.0690867465324	0
22.0454983800392	0
22.0218843996291	0
21.9982447227079	0
21.9745792662401	0
21.9508879467462	0
21.9271706802987	0
21.9034273825192	0
21.8796579685749	0
21.8558623531752	0
21.8320404505682	0
21.8081921745372	0
21.7843174383974	0
21.7604161549921	0
21.7364882366893	0
21.7125335953779	0
21.6885521424642	0
21.6645437888684	0
21.6405084450203	0
21.6164460208562	0
21.5923564258147	0
21.568239568833	0
21.5440953583429	0
21.5199237022673	0
21.4957245080156	0
21.4714976824802	0
21.4472431320326	0
21.4229607625187	0
21.3986504792554	0
21.3743121870258	0
21.3499457900758	0
21.325551192109	0
21.3011282962831	0
21.2766770052051	0
21.2521972209274	0
21.2276888449431	0
21.2031517781815	0
21.1785859210039	0
21.1539911731988	0
21.1293674339773	0
21.1047146019687	0
21.0800325752157	0
21.0553212511695	0
21.0305805266853	0
21.0058102980174	0
20.9810104608141	0
20.9561809101131	0
20.9313215403362	0
20.9064322452847	0
20.8815129181337	0
20.8565634514276	0
20.8315837370745	0
20.806573666341	0
20.7815331298472	0
20.7564620175609	0
20.7313602187924	0
20.7062276221892	0
20.6810641157301	0
20.6558695867199	0
20.6306439217838	0
20.6053870068612	0
20.5800987272007	0
20.5547789673534	0
20.5294276111678	0
20.5040445417833	0
20.4786296416245	0
20.4531827923947	0
20.4277038750704	0
20.4021927698944	0
20.3766493563698	0
20.3510735132537	0
20.3254651185509	0
20.2998240495067	0
20.2741501826014	0
20.2484433935426	0
20.2227035572592	0
20.1969305478944	0
20.1711242387985	0
20.1452845025225	0
20.1194112108107	0
20.0935042345938	0
20.0675634439815	0
20.0415887082552	0
20.0155798958611	0
19.9895368744023	0
19.9634595106314	0
19.9373476704431	0
19.9112012188661	0
19.8850200200557	0
19.8588039372858	0
19.832552832941	0
19.8062665685082	0
19.7799450045692	0
19.7535880007914	0
19.7271954159206	0
19.7007671077717	0
19.6743029332206	0
19.6478027481955	0
19.6212664076681	0
19.5946937656446	0
19.5680846751573	0
19.5414389882549	0
19.5147565559938	0
19.4880372284286	0
19.4612808546029	0
19.4344872825396	0
19.4076563592315	0
19.3807879306315	0
19.3538818416426	0
19.3269379361085	0
19.2999560568027	0
19.2729360454191	0
19.2458777425611	0
19.2187809877314	0
19.1916456193215	0
19.1644714746009	0
19.1372583897061	0
19.1100061996301	0
19.0827147382105	0
19.0553838381193	0
19.0280133308506	0
19.0006030467095	0
18.9731528148005	0
18.9456624630152	0
18.9181318180211	0
18.8905607052487	0
18.86294894888	0
18.8352963718351	0
18.8076027957606	0
18.7798680410164	0
18.7520919266628	0
18.7242742704472	0
18.6964148887914	0
18.6685135967777	0
18.6405702081358	0
18.6125845352284	0
18.5845563890379	0
18.5564855791516	0
18.5283719137482	0
18.5002151995827	0
18.4720152419718	0
18.4437718447792	0
18.4154848104004	0
18.3871539397475	0
18.3587790322337	0
18.3303598857575	0
18.3018962966868	0
18.2733880598432	0
18.244834968485	0
18.2162368142913	0
18.1875933873446	0
18.1589044761145	0
18.1301698674399	0
18.1013893465116	0
18.0725626968552	0
18.043689700312	0
18.0147701370222	0
17.9858037854052	0
17.9567904221417	0
17.9277298221545	0
17.8986217585891	0
17.8694660027945	0
17.8402623243031	0
17.811010490811	0
17.7817102681575	0
17.7523614203044	0
17.7229637093153	0
17.6935168953343	0
17.6640207365642	0
17.6344749892453	0
17.6048794076327	0
17.5752337439742	0
17.5455377484873	0
17.5157911693362	0
17.4859937526084	0
17.4561452422909	0
17.4262453802459	0
17.3962939061867	0
17.3662905576524	0
17.3362350699829	0
17.3061271762935	0
17.2759666074486	0
17.2457530920356	0
17.215486356338	0
17.1851661243083	0
17.1547921175405	0
17.1243640552421	0
17.0938816542057	0
17.0633446287801	0
17.0327526908411	0
17.0021055497618	0
16.9714029123826	0
16.9406444829801	0
16.9098299632365	0
16.8789590522077	0
16.8480314462914	0
16.8170468391942	0
16.7860049218992	0
16.7549053826314	0
16.7237479068246	0
16.6925321770859	0
16.661257873161	0
16.6299246718982	0
16.5985322472119	0
16.5670802700461	0
16.5355684083363	0
16.5039963269719	0
16.4723636877572	0
16.4406701493718	0
16.408915367331	0
16.377098993945	0
16.3452206782771	0
16.3132800661025	0
16.2812767998649	0
16.2492105186334	0
16.2170808580581	0
16.1848874503255	0
16.1526299241127	0
16.1203079045412	0
16.0879210131293	0
16.0554688677445	0
16.0229510825546	0
15.9903672679779	0
15.9577170306329	0
15.9249999732871	0
15.8922156948044	0
15.8593637900921	0
15.8264438500472	0
15.7934554615008	0
15.7603982071626	0
15.7272716655637	0
15.694075410999	0
15.6608090134677	0
15.627472038614	0
15.5940640476653	0
15.5605845973705	0
15.5270332399366	0
15.4934095229642	0
15.4597129893821	0
15.4259431773802	0
15.392099620342	0
15.3581818467749	0
15.32418938024	0
15.2901217392801	0
15.2559784373467	0
15.2217589827256	0
15.1874628784608	0
15.1530896222775	0
15.118638706503	0
15.084109617987	0
15.0495018380192	0
15.0148148422467	0
14.9800481005887	0
14.94520107715	0
14.9102732301331	0
14.8752640117482	0
14.8401728681215	0
14.804999239202	0
14.7697425586662	0
14.734402253821	0
14.698977745505	0
14.6634684479871	0
14.6278737688641	0
14.5921931089551	0
14.5564258621951	0
14.5205714155253	0
14.4846291487819	0
14.4485984345821	0
14.4124786382086	0
14.3762691174909	0
14.3399692226845	0
14.3035782963478	0
14.2670956732162	0
14.2305206800735	0
14.1938526356211	0
14.1570908503441	0
14.1202346263743	0
14.0832832573509	0
14.0462360282782	0
14.0090922153797	0
13.9718510859495	0
13.9345118982007	0
13.8970739011101	0
13.8595363342596	0
13.8218984276746	0
13.7841594016584	0
13.7463184666228	0
13.708374822916	0
13.6703276606451	0
13.6321761594961	0
13.5939194885492	0
13.55555680609	0
13.5170872594164	0
13.4785099846415	0
13.4398241064915	0
13.4010287380993	0
13.3621229807933	0
13.3231059238816	0
13.2839766444305	0
13.2447342070386	0
13.205377663605	0
13.1659060530929	0
13.1263184012865	0
13.0866137205432	0
13.0467910095391	0
13.0068492530091	0
12.9667874214801	0
12.9266044709982	0
12.8862993428492	0
12.8458709632721	0
12.805318243166	0
12.7646400777894	0
12.7238353464522	0
12.6829029121997	0
12.6418416214901	0
12.6006503038615	0
12.5593277715931	0
12.5178728193562	0
12.4762842238562	0
12.4345607434671	0
12.3927011178547	0
12.3507040675912	0
12.3085682937595	0
12.2662924775472	0
12.22387527983	0
12.1813153407441	0
12.1386112792473	0
12.0957616926686	0
12.0527651562454	0
12.0096202226486	0
11.966325421495	0
11.9228792588462	0
11.8792802166938	0
11.8355267524307	0
11.7916172983084	0
11.7475502608779	0
11.7033240204164	0
11.6589369303374	0
11.6143873165846	0
11.5696734770081	0
11.5247936807233	0
11.479746167452	0
11.4345291468439	0
11.3891407977789	0
11.3435792676492	0
11.2978426716205	0
11.2519290918722	0
11.2058365768141	0
11.1595631402815	0
11.1131067607049	0
11.0664653802565	0
11.0196369039699	0
10.9726191988344	0
10.9254100928608	0
10.8780073741201	0
10.8304087897517	0
10.7826120449424	0
10.7346148018724	0
10.6864146786305	0
10.6380092480941	0
10.5893960367748	0
10.5405725236283	0
10.4915361388253	0
10.4422842624854	0
10.3928142233692	0
10.3431232975289	0
10.2932087069167	0
10.2430676179465	0
10.1926971400107	0
10.1420943239478	0
10.0912561604603	0
10.0401795784809	0
9.98886144348465	0
9.93729855574539	0
9.88548764853469	0
9.83342538626057	0
9.78110836254421	0
9.72853309823219	0
9.67569603934194	0
9.6225935549381	0
9.56922193493681	0
9.51557738783594	0
9.46165603836791	0
9.40745392507294	0
9.35296699778921	0
9.2981911150575	0
9.24312204143697	0
9.18775544472904	0
9.13208689310616	0
9.0761118521421	0
9.01982568174058	0
8.96322363295851	0
8.90630084472089	0
8.849052340423	0
8.79147302441733	0
8.73355767838072	0
8.67530095755886	0
8.61669738688387	0
8.55774135696222	0
8.49842711992869	0
8.43874878516357	0
8.37870031486955	0
8.31827551950545	0
8.25746805307364	0
8.19627140825903	0
8.13467891141699	0
8.07268371740889	0
8.01027880428366	0
7.94745696780519	0
7.88421081582542	0
7.82053276250461	0
7.75641502238059	0
7.69184960429093	0
7.62682830515253	0
7.56134270360568	0
7.49538415353127	0
7.42894377745204	0
7.36201245983219	0
7.29458084029192	0
7.22663930675814	0
7.15817798857598	0
7.08918674961157	0
7.01965518138152	0
6.94957259625151	0
6.87892802075415	0
6.80771018908471	0
6.73590753684349	0
6.6635081951056	0
6.59049998491182	0
6.51687041228968	0
6.44260666393196	0
6.36769560367932	0
6.29212376997788	0
6.2158773745085	0
6.13894230221525	0
6.06130411299594	0
5.98294804535668	0
5.90385902237877	0
5.82402166039814	0
5.74342028085639	0
5.66203892585078	0
5.57986137798608	0
5.49687118521893	0
5.41305169148233	0
5.32838607398901	0
5.24285738823556	0
5.15644862186757	0
5.0691427587197	0
4.98092285451368	0
4.89177212588302	0
4.80167405459407	0
4.71061250904883	0
4.61857188538182	0
4.52553727069799	0
4.43149463123424	0
4.33643102845359	0
4.24033486628666	0
4.14319617289919	0
4.04500692046592	0
3.94576138643584	0
3.84545655964475	0
3.74409259431602	0
3.64167331443154	0
3.53820677007989	0
3.43370584611618	0
3.32818892171147	0
3.22168057703456	0
3.11421234031273	0
3.00582346479296	0
2.89656172063968	0
2.78648418159145	0
2.67565798037212	0
2.56416100065302	0
2.45208246717634	0
2.33952339003882	0
2.22659681483386	0
2.11342782824682	0
2.00015326976584	0
1.88692110534775	0
1.77388942891123	0
1.66122507276375	0
1.54910182825468	0
1.43769830207556	0
1.32719545988383	0
1.21777393477907	0
1.10961120065159	0
1.0028787265923	0
0.897739235962659	0
0.794344190942052	0
0.692831610308276	0
0.593324306191285	0
0.495928597112053	0
0.400733523080634	0
0.307810557370708	0
0.217213781921451	0
0.128980471437147	0
0.0431320164187062	0
-0.0403248922134312	0
-0.121396895207464	0
-0.200102487669638	0
-0.276470497983612	0
-0.350538578024457	0
-0.422351748239508	0
-0.491961029838476	0
-0.559422185937891	0
-0.624794584505498	0
-0.688140188558194	0
-0.749522673299155	0
-0.809006665622296	0
-0.866657098475886	0
-0.922538670739339	0
-0.976715402302418	0
-1.02925027373505	0
-1.08020494011585	0
-1.12963950909645	0
-1.17761237399554	0
-1.22418009354814	0
-1.26939731081305	0
-1.3133167046159	0
-1.35598896774379	0
-1.3974628068899	0
-1.43778496006067	0
-1.47700022779975	0
-1.51515151515151	0
