0.405847377982259	0
0.399709162343118	0
0.399707006324841	0
0.399704848867596	0
0.399702689969942	0
0.399700529630437	0
0.399698367847636	0
0.399696204620092	0
0.399694039946358	0
0.399691873824982	0
0.399689706254514	0
0.399687537233497	0
0.399685366760478	0
0.399683194833996	0
0.399681021452593	0
0.399678846614805	0
0.399676670319171	0
0.399674492564222	0
0.399672313348492	0
0.399670132670511	0
0.399667950528806	0
0.399665766921905	0
0.399663581848331	0
0.399661395306606	0
0.399659207295251	0
0.399657017812784	0
0.399654826857722	0
0.399652634428578	0
0.399650440523865	0
0.399648245142093	0
0.39964604828177	0
0.399643849941403	0
0.399641650119497	0
0.399639448814552	0
0.39963724602507	0
0.399635041749548	0
0.399632835986483	0
0.399630628734369	0
0.399628419991699	0
0.399626209756961	0
0.399623998028644	0
0.399621784805235	0
0.399619570085217	0
0.399617353867071	0
0.399615136149279	0
0.399612916930317	0
0.399610696208661	0
0.399608473982786	0
0.399606250251162	0
0.399604025012259	0
0.399601798264545	0
0.399599570006485	0
0.399597340236542	0
0.399595108953177	0
0.39959287615485	0
0.399590641840017	0
0.399588406007135	0
0.399586168654654	0
0.399583929781027	0
0.399581689384701	0
0.399579447464123	0
0.399577204017738	0
0.399574959043988	0
0.399572712541313	0
0.399570464508151	0
0.399568214942938	0
0.399565963844108	0
0.399563711210093	0
0.399561457039321	0
0.39955920133022	0
0.399556944081217	0
0.399554685290732	0
0.399552424957188	0
0.399550163079004	0
0.399547899654595	0
0.399545634682377	0
0.399543368160761	0
0.399541100088158	0
0.399538830462975	0
0.399536559283619	0
0.399534286548492	0
0.399532012255997	0
0.399529736404532	0
0.399527458992495	0
0.39952518001828	0
0.399522899480279	0
0.399520617376884	0
0.399518333706482	0
0.399516048467459	0
0.3995137616582	0
0.399511473277084	0
0.399509183322493	0
0.399506891792803	0
0.399504598686388	0
0.399502304001622	0
0.399500007736874	0
0.399497709890513	0
0.399495410460905	0
0.399493109446414	0
0.399490806845399	0
0.399488502656222	0
0.399486196877238	0
0.399483889506803	0
0.399481580543268	0
0.399479269984983	0
0.399476957830297	0
0.399474644077555	0
0.399472328725099	0
0.399470011771271	0
0.39946769321441	0
0.399465373052852	0
0.39946305128493	0
0.399460727908976	0
0.399458402923321	0
0.39945607632629	0
0.399453748116208	0
0.399451418291399	0
0.399449086850182	0
0.399446753790875	0
0.399444419111793	0
0.39944208281125	0
0.399439744887555	0
0.399437405339019	0
0.399435064163946	0
0.39943272136064	0
0.399430376927403	0
0.399428030862533	0
0.399425683164328	0
0.399423333831082	0
0.399420982861085	0
0.399418630252629	0
0.399416276003999	0
0.399413920113482	0
0.399411562579358	0
0.399409203399908	0
0.39940684257341	0
0.399404480098138	0
0.399402115972365	0
0.399399750194362	0
0.399397382762397	0
0.399395013674734	0
0.399392642929638	0
0.399390270525368	0
0.399387896460182	0
0.399385520732338	0
0.399383143340086	0
0.39938076428168	0
0.399378383555367	0
0.399376001159393	0
0.399373617092001	0
0.399371231351432	0
0.399368843935926	0
0.399366454843717	0
0.399364064073041	0
0.399361671622127	0
0.399359277489204	0
0.3993568816725	0
0.399354484170236	0
0.399352084980635	0
0.399349684101914	0
0.399347281532291	0
0.399344877269979	0
0.399342471313188	0
0.399340063660128	0
0.399337654309005	0
0.399335243258022	0
0.399332830505379	0
0.399330416049277	0
0.399327999887909	0
0.399325582019471	0
0.399323162442152	0
0.399320741154141	0
0.399318318153624	0
0.399315893438783	0
0.3993134670078	0
0.399311038858852	0
0.399308608990114	0
0.39930617739976	0
0.39930374408596	0
0.399301309046882	0
0.399298872280689	0
0.399296433785546	0
0.399293993559612	0
0.399291551601043	0
0.399289107907995	0
0.399286662478619	0
0.399284215311066	0
0.399281766403481	0
0.399279315754009	0
0.399276863360791	0
0.399274409221966	0
0.39927195333567	0
0.399269495700037	0
0.399267036313198	0
0.39926457517328	0
0.39926211227841	0
0.39925964762671	0
0.3992571812163	0
0.399254713045298	0
0.399252243111818	0
0.399249771413974	0
0.399247297949873	0
0.399244822717623	0
0.399242345715328	0
0.39923986694109	0
0.399237386393006	0
0.399234904069173	0
0.399232419967684	0
0.399229934086628	0
0.399227446424095	0
0.399224956978168	0
0.399222465746931	0
0.399219972728461	0
0.399217477920837	0
0.399214981322132	0
0.399212482930417	0
0.399209982743761	0
0.399207480760229	0
0.399204976977884	0
0.399202471394786	0
0.399199964008992	0
0.399197454818557	0
0.399194943821533	0
0.399192431015968	0
0.399189916399908	0
0.399187399971397	0
0.399184881728475	0
0.39918236166918	0
0.399179839791546	0
0.399177316093605	0
0.399174790573387	0
0.399172263228917	0
0.39916973405822	0
0.399167203059315	0
0.39916467023022	0
0.39916213556895	0
0.399159599073518	0
0.399157060741931	0
0.399154520572197	0
0.399151978562318	0
0.399149434710295	0
0.399146889014126	0
0.399144341471804	0
0.399141792081323	0
0.39913924084067	0
0.399136687747831	0
0.39913413280079	0
0.399131575997525	0
0.399129017336016	0
0.399126456814235	0
0.399123894430153	0
0.39912133018174	0
0.39911876406696	0
0.399116196083775	0
0.399113626230146	0
0.399111054504027	0
0.399108480903374	0
0.399105905426136	0
0.39910332807026	0
0.399100748833691	0
0.399098167714371	0
0.399095584710238	0
0.399092999819227	0
0.399090413039271	0
0.399087824368299	0
0.399085233804237	0
0.39908264134501	0
0.399080046988537	0
0.399077450732735	0
0.399074852575519	0
0.399072252514799	0
0.399069650548485	0
0.39906704667448	0
0.399064440890688	0
0.399061833195006	0
0.399059223585331	0
0.399056612059555	0
0.399053998615568	0
0.399051383251256	0
0.399048765964504	0
0.39904614675319	0
0.399043525615193	0
0.399040902548386	0
0.39903827755064	0
0.399035650619824	0
0.399033021753801	0
0.399030390950434	0
0.39902775820758	0
0.399025123523096	0
0.399022486894832	0
0.399019848320638	0
0.39901720779836	0
0.39901456532584	0
0.399011920900917	0
0.399009274521428	0
0.399006626185205	0
0.399003975890078	0
0.399001323633874	0
0.398998669414417	0
0.398996013229525	0
0.398993355077017	0
0.398990694954706	0
0.398988032860401	0
0.398985368791911	0
0.398982702747039	0
0.398980034723586	0
0.39897736471935	0
0.398974692732123	0
0.398972018759698	0
0.398969342799861	0
0.398966664850398	0
0.398963984909088	0
0.398961302973711	0
0.398958619042039	0
0.398955933111844	0
0.398953245180894	0
0.398950555246954	0
0.398947863307784	0
0.398945169361142	0
0.398942473404782	0
0.398939775436456	0
0.398937075453911	0
0.398934373454892	0
0.398931669437139	0
0.398928963398391	0
0.398926255336381	0
0.39892354524884	0
0.398920833133496	0
0.398918118988072	0
0.39891540281029	0
0.398912684597866	0
0.398909964348515	0
0.398907242059946	0
0.398904517729867	0
0.398901791355981	0
0.398899062935988	0
0.398896332467585	0
0.398893599948465	0
0.398890865376318	0
0.398888128748829	0
0.398885390063682	0
0.398882649318556	0
0.398879906511127	0
0.398877161639066	0
0.398874414700043	0
0.398871665691723	0
0.398868914611768	0
0.398866161457836	0
0.398863406227581	0
0.398860648918655	0
0.398857889528705	0
0.398855128055375	0
0.398852364496306	0
0.398849598849136	0
0.398846831111496	0
0.398844061281017	0
0.398841289355326	0
0.398838515332044	0
0.398835739208791	0
0.398832960983182	0
0.39883018065283	0
0.398827398215341	0
0.398824613668322	0
0.398821827009372	0
0.398819038236089	0
0.398816247346067	0
0.398813454336896	0
0.398810659206162	0
0.398807861951448	0
0.398805062570332	0
0.39880226106039	0
0.398799457419194	0
0.398796651644312	0
0.398793843733307	0
0.398791033683741	0
0.398788221493171	0
0.398785407159148	0
0.398782590679224	0
0.398779772050942	0
0.398776951271846	0
0.398774128339474	0
0.398771303251359	0
0.398768476005033	0
0.398765646598022	0
0.398762815027849	0
0.398759981292034	0
0.398757145388093	0
0.398754307313536	0
0.398751467065871	0
0.398748624642604	0
0.398745780041233	0
0.398742933259256	0
0.398740084294165	0
0.398737233143449	0
0.398734379804593	0
0.398731524275077	0
0.398728666552379	0
0.398725806633973	0
0.398722944517326	0
0.398720080199906	0
0.398717213679174	0
0.398714344952587	0
0.398711474017599	0
0.39870860087166	0
0.398705725512217	0
0.39870284793671	0
0.398699968142579	0
0.398697086127257	0
0.398694201888174	0
0.398691315422758	0
0.398688426728429	0
0.398685535802606	0
0.398682642642704	0
0.398679747246133	0
0.398676849610298	0
0.398673949732603	0
0.398671047610446	0
0.398668143241221	0
0.398665236622317	0
0.398662327751121	0
0.398659416625016	0
0.398656503241379	0
0.398653587597585	0
0.398650669691002	0
0.398647749518998	0
0.398644827078933	0
0.398641902368166	0
0.398638975384049	0
0.398636046123933	0
0.398633114585163	0
0.398630180765079	0
0.398627244661019	0
0.398624306270316	0
0.398621365590299	0
0.398618422618291	0
0.398615477351614	0
0.398612529787584	0
0.398609579923512	0
0.398606627756708	0
0.398603673284473	0
0.398600716504108	0
0.398597757412908	0
0.398594796008163	0
0.398591832287162	0
0.398588866247186	0
0.398585897885513	0
0.398582927199418	0
0.39857995418617	0
0.398576978843035	0
0.398574001167273	0
0.398571021156143	0
0.398568038806895	0
0.39856505411678	0
0.39856206708304	0
0.398559077702915	0
0.398556085973641	0
0.398553091892448	0
0.398550095456564	0
0.39854709666321	0
0.398544095509604	0
0.39854109199296	0
0.398538086110487	0
0.398535077859389	0
0.398532067236867	0
0.398529054240117	0
0.398526038866331	0
0.398523021112694	0
0.398520000976391	0
0.398516978454599	0
0.398513953544492	0
0.398510926243238	0
0.398507896548004	0
0.398504864455948	0
0.398501829964228	0
0.398498793069994	0
0.398495753770392	0
0.398492712062567	0
0.398489667943654	0
0.398486621410787	0
0.398483572461095	0
0.398480521091703	0
0.398477467299728	0
0.398474411082288	0
0.398471352436491	0
0.398468291359444	0
0.398465227848249	0
0.3984621619	0
0.398459093511791	0
0.398456022680709	0
0.398452949403837	0
0.398449873678252	0
0.398446795501028	0
0.398443714869235	0
0.398440631779935	0
0.398437546230188	0
0.39843445821705	0
0.398431367737569	0
0.398428274788792	0
0.398425179367759	0
0.398422081471505	0
0.398418981097063	0
0.398415878241457	0
0.398412772901711	0
0.39840966507484	0
0.398406554757857	0
0.398403441947768	0
0.398400326641578	0
0.398397208836282	0
0.398394088528875	0
0.398390965716343	0
0.398387840395671	0
0.398384712563836	0
0.398381582217813	0
0.398378449354569	0
0.398375313971069	0
0.398372176064271	0
0.39836903563113	0
0.398365892668594	0
0.398362747173607	0
0.39835959914311	0
0.398356448574036	0
0.398353295463314	0
0.398350139807869	0
0.398346981604621	0
0.398343820850484	0
0.398340657542368	0
0.398337491677176	0
0.398334323251809	0
0.398331152263161	0
0.398327978708121	0
0.398324802583575	0
0.3983216238864	0
0.398318442613473	0
0.398315258761661	0
0.39831207232783	0
0.398308883308838	0
0.398305691701539	0
0.398302497502783	0
0.398299300709413	0
0.398296101318267	0
0.39829289932618	0
0.39828969472998	0
0.39828648752649	0
0.398283277712528	0
0.398280065284907	0
0.398276850240435	0
0.398273632575914	0
0.398270412288141	0
0.398267189373909	0
0.398263963830005	0
0.39826073565321	0
0.398257504840301	0
0.398254271388048	0
0.398251035293218	0
0.39824779655257	0
0.398244555162862	0
0.398241311120841	0
0.398238064423253	0
0.398234815066837	0
0.398231563048328	0
0.398228308364453	0
0.398225051011936	0
0.398221790987495	0
0.398218528287843	0
0.398215262909686	0
0.398211994849727	0
0.398208724104661	0
0.398205450671179	0
0.398202174545967	0
0.398198895725705	0
0.398195614207068	0
0.398192329986723	0
0.398189043061336	0
0.398185753427564	0
0.398182461082059	0
0.39817916602147	0
0.398175868242436	0
0.398172567741594	0
0.398169264515576	0
0.398165958561004	0
0.398162649874499	0
0.398159338452675	0
0.39815602429214	0
0.398152707389496	0
0.398149387741339	0
0.398146065344262	0
0.39814274019485	0
0.398139412289683	0
0.398136081625335	0
0.398132748198375	0
0.398129412005366	0
0.398126073042864	0
0.398122731307422	0
0.398119386795586	0
0.398116039503895	0
0.398112689428883	0
0.398109336567079	0
0.398105980915007	0
0.398102622469182	0
0.398099261226117	0
0.398095897182316	0
0.398092530334279	0
0.3980891606785	0
0.398085788211466	0
0.398082412929661	0
0.398079034829559	0
0.398075653907631	0
0.398072270160342	0
0.39806888358415	0
0.398065494175508	0
0.398062101930861	0
0.398058706846652	0
0.398055308919314	0
0.398051908145276	0
0.398048504520962	0
0.398045098042787	0
0.398041688707163	0
0.398038276510495	0
0.39803486144918	0
0.398031443519612	0
0.398028022718179	0
0.398024599041258	0
0.398021172485227	0
0.398017743046452	0
0.398014310721296	0
0.398010875506116	0
0.398007437397261	0
0.398003996391075	0
0.398000552483896	0
0.397997105672055	0
0.397993655951878	0
0.397990203319684	0
0.397986747771786	0
0.397983289304491	0
0.397979827914098	0
0.397976363596903	0
0.397972896349193	0
0.397969426167251	0
0.39796595304735	0
0.397962476985761	0
0.397958997978747	0
0.397955516022563	0
0.39795203111346	0
0.397948543247681	0
0.397945052421464	0
0.397941558631041	0
0.397938061872635	0
0.397934562142464	0
0.397931059436741	0
0.397927553751671	0
0.397924045083453	0
0.397920533428279	0
0.397917018782334	0
0.397913501141799	0
0.397909980502847	0
0.397906456861643	0
0.397902930214348	0
0.397899400557115	0
0.397895867886091	0
0.397892332197416	0
0.397888793487223	0
0.39788525175164	0
0.397881706986786	0
0.397878159188776	0
0.397874608353717	0
0.397871054477709	0
0.397867497556846	0
0.397863937587215	0
0.397860374564896	0
0.397856808485962	0
0.397853239346482	0
0.397849667142515	0
0.397846091870114	0
0.397842513525326	0
0.39783893210419	0
0.397835347602741	0
0.397831760017003	0
0.397828169342997	0
0.397824575576735	0
0.397820978714223	0
0.397817378751458	0
0.397813775684434	0
0.397810169509135	0
0.397806560221539	0
0.397802947817618	0
0.397799332293335	0
0.397795713644647	0
0.397792091867506	0
0.397788466957853	0
0.397784838911626	0
0.397781207724753	0
0.397777573393157	0
0.397773935912752	0
0.397770295279447	0
0.397766651489142	0
0.397763004537731	0
0.397759354421102	0
0.397755701135132	0
0.397752044675696	0
0.397748385038657	0
0.397744722219874	0
0.397741056215199	0
0.397737387020473	0
0.397733714631535	0
0.397730039044212	0
0.397726360254328	0
0.397722678257696	0
0.397718993050123	0
0.397715304627411	0
0.39771161298535	0
0.397707918119728	0
0.397704220026321	0
0.397700518700901	0
0.39769681413923	0
0.397693106337065	0
0.397689395290153	0
0.397685680994236	0
0.397681963445047	0
0.397678242638313	0
0.397674518569751	0
0.397670791235074	0
0.397667060629983	0
0.397663326750176	0
0.397659589591341	0
0.397655849149158	0
0.397652105419301	0
0.397648358397436	0
0.397644608079221	0
0.397640854460305	0
0.397637097536333	0
0.397633337302938	0
0.397629573755749	0
0.397625806890385	0
0.397622036702458	0
0.397618263187573	0
0.397614486341325	0
0.397610706159304	0
0.39760692263709	0
0.397603135770258	0
0.397599345554371	0
0.397595551984988	0
0.397591755057657	0
0.397587954767922	0
0.397584151111316	0
0.397580344083364	0
0.397576533679585	0
0.397572719895488	0
0.397568902726577	0
0.397565082168344	0
0.397561258216277	0
0.397557430865853	0
0.397553600112543	0
0.397549765951807	0
0.397545928379102	0
0.397542087389871	0
0.397538242979554	0
0.397534395143579	0
0.397530543877369	0
0.397526689176337	0
0.397522831035887	0
0.397518969451417	0
0.397515104418315	0
0.397511235931963	0
0.397507363987732	0
0.397503488580987	0
0.397499609707083	0
0.397495727361367	0
0.397491841539179	0
0.39748795223585	0
0.397484059446702	0
0.397480163167048	0
0.397476263392195	0
0.39747236011744	0
0.397468453338072	0
0.39746454304937	0
0.397460629246608	0
0.397456711925047	0
0.397452791079943	0
0.397448866706543	0
0.397444938800083	0
0.397441007355794	0
0.397437072368895	0
0.3974331338346	0
0.39742919174811	0
0.397425246104622	0
0.39742129689932	0
0.397417344127383	0
0.397413387783978	0
0.397409427864267	0
0.3974054643634	0
0.397401497276519	0
0.397397526598758	0
0.397393552325242	0
0.397389574451087	0
0.397385592971401	0
0.397381607881281	0
0.397377619175817	0
0.397373626850089	0
0.397369630899169	0
0.39736563131812	0
0.397361628101995	0
0.39735762124584	0
0.397353610744688	0
0.397349596593569	0
0.397345578787498	0
0.397341557321485	0
0.397337532190528	0
0.39733350338962	0
0.397329470913739	0
0.397325434757859	0
0.397321394916943	0
0.397317351385944	0
0.397313304159807	0
0.397309253233467	0
0.397305198601849	0
0.397301140259872	0
0.397297078202441	0
0.397293012424456	0
0.397288942920804	0
0.397284869686367	0
0.397280792716012	0
0.397276712004602	0
0.397272627546987	0
0.397268539338009	0
0.3972644473725	0
0.397260351645283	0
0.397256252151171	0
0.397252148884969	0
0.39724804184147	0
0.397243931015459	0
0.39723981640171	0
0.397235697994991	0
0.397231575790054	0
0.397227449781648	0
0.397223319964509	0
0.397219186333362	0
0.397215048882926	0
0.397210907607907	0
0.397206762503002	0
0.3972026135629	0
0.397198460782278	0
0.397194304155803	0
0.397190143678135	0
0.39718597934392	0
0.397181811147798	0
0.397177639084397	0
0.397173463148335	0
0.39716928333422	0
0.397165099636651	0
0.397160912050216	0
0.397156720569494	0
0.397152525189052	0
0.397148325903448	0
0.397144122707232	0
0.397139915594939	0
0.397135704561099	0
0.397131489600228	0
0.397127270706835	0
0.397123047875414	0
0.397118821100455	0
0.397114590376432	0
0.397110355697813	0
0.397106117059052	0
0.397101874454595	0
0.397097627878878	0
0.397093377326325	0
0.39708912279135	0
0.397084864268356	0
0.397080601751738	0
0.397076335235878	0
0.397072064715147	0
0.397067790183908	0
0.397063511636512	0
0.397059229067299	0
0.397054942470599	0
0.397050651840731	0
0.397046357172004	0
0.397042058458715	0
0.397037755695151	0
0.397033448875589	0
0.397029137994294	0
0.397024823045521	0
0.397020504023514	0
0.397016180922505	0
0.397011853736717	0
0.397007522460361	0
0.397003187087638	0
0.396998847612736	0
0.396994504029833	0
0.396990156333098	0
0.396985804516686	0
0.396981448574743	0
0.396977088501402	0
0.396972724290787	0
0.396968355937009	0
0.396963983434169	0
0.396959606776357	0
0.39695522595765	0
0.396950840972116	0
0.396946451813811	0
0.396942058476778	0
0.396937660955051	0
0.396933259242652	0
0.39692885333359	0
0.396924443221865	0
0.396920028901465	0
0.396915610366364	0
0.396911187610528	0
0.39690676062791	0
0.396902329412451	0
0.396897893958081	0
0.396893454258718	0
0.396889010308268	0
0.396884562100627	0
0.396880109629678	0
0.396875652889293	0
0.396871191873331	0
0.39686672657564	0
0.396862256990057	0
0.396857783110405	0
0.396853304930498	0
0.396848822444136	0
0.396844335645107	0
0.396839844527189	0
0.396835349084147	0
0.396830849309733	0
0.396826345197687	0
0.39682183674174	0
0.396817323935607	0
0.396812806772992	0
0.396808285247589	0
0.396803759353077	0
0.396799229083125	0
0.396794694431387	0
0.396790155391509	0
0.39678561195712	0
0.39678106412184	0
0.396776511879275	0
0.39677195522302	0
0.396767394146655	0
0.396762828643752	0
0.396758258707865	0
0.39675368433254	0
0.396749105511308	0
0.396744522237689	0
0.396739934505188	0
0.396735342307302	0
0.396730745637509	0
0.396726144489279	0
0.396721538856069	0
0.396716928731321	0
0.396712314108465	0
0.39670769498092	0
0.396703071342089	0
0.396698443185366	0
0.396693810504128	0
0.396689173291742	0
0.396684531541561	0
0.396679885246925	0
0.396675234401161	0
0.396670578997584	0
0.396665919029493	0
0.396661254490176	0
0.396656585372909	0
0.396651911670953	0
0.396647233377555	0
0.396642550485952	0
0.396637862989363	0
0.396633170880998	0
0.396628474154053	0
0.396623772801707	0
0.39661906681713	0
0.396614356193475	0
0.396609640923885	0
0.396604921001488	0
0.396600196419396	0
0.396595467170711	0
0.39659073324852	0
0.396585994645895	0
0.396581251355898	0
0.396576503371572	0
0.396571750685952	0
0.396566993292054	0
0.396562231182883	0
0.396557464351431	0
0.396552692790674	0
0.396547916493574	0
0.39654313545308	0
0.396538349662129	0
0.396533559113639	0
0.396528763800519	0
0.39652396371566	0
0.396519158851942	0
0.396514349202229	0
0.396509534759371	0
0.396504715516203	0
0.396499891465548	0
0.396495062600213	0
0.396490228912991	0
0.396485390396661	0
0.396480547043986	0
0.396475698847717	0
0.396470845800589	0
0.396465987895323	0
0.396461125124624	0
0.396456257481185	0
0.396451384957682	0
0.396446507546778	0
0.396441625241119	0
0.39643673803334	0
0.396431845916059	0
0.396426948881877	0
0.396422046923384	0
0.396417140033153	0
0.396412228203743	0
0.396407311427697	0
0.396402389697543	0
0.396397463005797	0
0.396392531344955	0
0.396387594707501	0
0.396382653085903	0
0.396377706472615	0
0.396372754860073	0
0.396367798240701	0
0.396362836606906	0
0.396357869951078	0
0.396352898265596	0
0.396347921542819	0
0.396342939775094	0
0.39633795295475	0
0.396332961074101	0
0.396327964125447	0
0.396322962101071	0
0.396317954993241	0
0.396312942794208	0
0.396307925496208	0
0.396302903091462	0
0.396297875572174	0
0.396292842930533	0
0.396287805158712	0
0.396282762248868	0
0.396277714193141	0
0.396272660983656	0
0.396267602612522	0
0.396262539071832	0
0.396257470353661	0
0.396252396450071	0
0.396247317353106	0
0.396242233054793	0
0.396237143547143	0
0.396232048822152	0
0.396226948871799	0
0.396221843688045	0
0.396216733262837	0
0.396211617588104	0
0.396206496655759	0
0.396201370457696	0
0.396196238985798	0
0.396191102231925	0
0.396185960187923	0
0.396180812845623	0
0.396175660196837	0
0.396170502233359	0
0.396165338946969	0
0.396160170329428	0
0.396154996372481	0
0.396149817067856	0
0.396144632407263	0
0.396139442382396	0
0.39613424698493	0
0.396129046206526	0
0.396123840038823	0
0.396118628473448	0
0.396113411502007	0
0.39610818911609	0
0.396102961307269	0
0.396097728067099	0
0.396092489387117	0
0.396087245258843	0
0.396081995673779	0
0.396076740623409	0
0.3960714800992	0
0.396066214092601	0
0.396060942595042	0
0.396055665597937	0
0.396050383092682	0
0.396045095070654	0
0.396039801523212	0
0.396034502441697	0
0.396029197817433	0
0.396023887641726	0
0.39601857190586	0
0.396013250601107	0
0.396007923718715	0
0.396002591249918	0
0.395997253185928	0
0.395991909517941	0
0.395986560237135	0
0.395981205334666	0
0.395975844801676	0
0.395970478629284	0
0.395965106808595	0
0.39595972933069	0
0.395954346186636	0
0.395948957367479	0
0.395943562864246	0
0.395938162667944	0
0.395932756769565	0
0.395927345160077	0
0.395921927830434	0
0.395916504771566	0
0.395911075974387	0
0.39590564142979	0
0.395900201128651	0
0.395894755061825	0
0.395889303220147	0
0.395883845594435	0
0.395878382175484	0
0.395872912954074	0
0.395867437920961	0
0.395861957066884	0
0.395856470382562	0
0.395850977858694	0
0.395845479485959	0
0.395839975255015	0
0.395834465156504	0
0.395828949181043	0
0.395823427319233	0
0.395817899561653	0
0.395812365898862	0
0.3958068263214	0
0.395801280819786	0
0.395795729384518	0
0.395790172006075	0
0.395784608674914	0
0.395779039381475	0
0.395773464116173	0
0.395767882869405	0
0.395762295631548	0
0.395756702392956	0
0.395751103143965	0
0.395745497874889	0
0.39573988657602	0
0.39573426923763	0
0.395728645849973	0
0.395723016403276	0
0.395717380887751	0
0.395711739293585	0
0.395706091610946	0
0.395700437829978	0
0.395694777940808	0
0.395689111933538	0
0.395683439798249	0
0.395677761525004	0
0.395672077103841	0
0.395666386524777	0
0.395660689777808	0
0.395654986852908	0
0.39564927774003	0
0.395643562429105	0
0.395637840910041	0
0.395632113172726	0
0.395626379207024	0
0.395620639002778	0
0.395614892549809	0
0.395609139837917	0
0.395603380856877	0
0.395597615596444	0
0.39559184404635	0
0.395586066196304	0
0.395580282035994	0
0.395574491555085	0
0.395568694743217	0
0.395562891590012	0
0.395557082085065	0
0.39555126621795	0
0.395545443978219	0
0.395539615355401	0
0.395533780338999	0
0.395527938918498	0
0.395522091083356	0
0.39551623682301	0
0.395510376126872	0
0.395504508984331	0
0.395498635384756	0
0.395492755317488	0
0.395486868771848	0
0.395480975737131	0
0.395475076202609	0
0.395469170157533	0
0.395463257591126	0
0.395457338492591	0
0.395451412851104	0
0.395445480655821	0
0.395439541895869	0
0.395433596560355	0
0.395427644638361	0
0.395421686118944	0
0.395415720991137	0
0.395409749243948	0
0.395403770866363	0
0.395397785847342	0
0.395391794175819	0
0.395385795840707	0
0.39537979083089	0
0.395373779135232	0
0.395367760742568	0
0.395361735641712	0
0.395355703821449	0
0.395349665270542	0
0.395343619977728	0
0.39533756793172	0
0.395331509121203	0
0.395325443534839	0
0.395319371161264	0
0.39531329198909	0
0.395307206006901	0
0.395301113203257	0
0.395295013566692	0
0.395288907085715	0
0.395282793748808	0
0.395276673544428	0
0.395270546461006	0
0.395264412486946	0
0.395258271610629	0
0.395252123820405	0
0.395245969104603	0
0.395239807451522	0
0.395233638849436	0
0.395227463286593	0
0.395221280751213	0
0.395215091231491	0
0.395208894715596	0
0.395202691191667	0
0.395196480647819	0
0.39519026307214	0
0.395184038452691	0
0.395177806777503	0
0.395171568034585	0
0.395165322211914	0
0.395159069297443	0
0.395152809279097	0
0.395146542144773	0
0.39514026788234	0
0.39513398647964	0
0.395127697924488	0
0.395121402204671	0
0.395115099307947	0
0.395108789222048	0
0.395102471934677	0
0.395096147433509	0
0.39508981570619	0
0.395083476740341	0
0.39507713052355	0
0.395070777043381	0
0.395064416287366	0
0.395058048243012	0
0.395051672897794	0
0.395045290239161	0
0.395038900254532	0
0.395032502931297	0
0.395026098256816	0
0.395019686218424	0
0.395013266803422	0
0.395006839999085	0
0.395000405792658	0
0.394993964171356	0
0.394987515122365	0
0.394981058632841	0
0.394974594689912	0
0.394968123280674	0
0.394961644392196	0
0.394955158011514	0
0.394948664125637	0
0.394942162721541	0
0.394935653786174	0
0.394929137306454	0
0.394922613269267	0
0.394916081661471	0
0.394909542469891	0
0.394902995681322	0
0.39489644128253	0
0.394889879260248	0
0.394883309601181	0
0.394876732292	0
0.394870147319347	0
0.394863554669833	0
0.394856954330036	0
0.394850346286505	0
0.394843730525755	0
0.394837107034272	0
0.39483047579851	0
0.39482383680489	0
0.394817190039802	0
0.394810535489605	0
0.394803873140626	0
0.394797202979157	0
0.394790524991463	0
0.394783839163772	0
0.394777145482283	0
0.394770443933161	0
0.394763734502539	0
0.394757017176517	0
0.394750291941164	0
0.394743558782512	0
0.394736817686566	0
0.394730068639293	0
0.394723311626631	0
0.394716546634481	0
0.394709773648713	0
0.394702992655164	0
0.394696203639636	0
0.394689406587898	0
0.394682601485686	0
0.394675788318703	0
0.394668967072615	0
0.394662137733057	0
0.394655300285628	0
0.394648454715896	0
0.39464160100939	0
0.394634739151609	0
0.394627869128015	0
0.394620990924037	0
0.394614104525067	0
0.394607209916465	0
0.394600307083555	0
0.394593396011625	0
0.39458647668593	0
0.394579549091688	0
0.394572613214082	0
0.394565669038261	0
0.394558716549337	0
0.394551755732387	0
0.394544786572452	0
0.394537809054538	0
0.394530823163614	0
0.394523828884613	0
0.394516826202434	0
0.394509815101936	0
0.394502795567944	0
0.394495767585248	0
0.394488731138598	0
0.39448168621271	0
0.394474632792261	0
0.394467570861894	0
0.394460500406212	0
0.394453421409783	0
0.394446333857136	0
0.394439237732763	0
0.394432133021122	0
0.394425019706627	0
0.394417897773661	0
0.394410767206564	0
0.39440362798964	0
0.394396480107157	0
0.394389323543341	0
0.394382158282383	0
0.394374984308433	0
0.394367801605605	0
0.394360610157973	0
0.394353409949572	0
0.394346200964399	0
0.394338983186412	0
0.394331756599529	0
0.394324521187629	0
0.394317276934553	0
0.394310023824101	0
0.394302761840034	0
0.394295490966074	0
0.394288211185902	0
0.39428092248316	0
0.39427362484145	0
0.394266318244332	0
0.394259002675328	0
0.394251678117919	0
0.394244344555545	0
0.394237001971605	0
0.394229650349458	0
0.394222289672423	0
0.394214919923774	0
0.39420754108675	0
0.394200153144542	0
0.394192756080306	0
0.394185349877151	0
0.394177934518147	0
0.394170509986323	0
0.394163076264664	0
0.394155633336114	0
0.394148181183575	0
0.394140719789906	0
0.394133249137925	0
0.394125769210404	0
0.394118279990077	0
0.394110781459631	0
0.394103273601712	0
0.394095756398924	0
0.394088229833825	0
0.394080693888932	0
0.394073148546716	0
0.394065593789607	0
0.394058029599991	0
0.394050455960207	0
0.394042872852553	0
0.394035280259282	0
0.394027678162602	0
0.394020066544678	0
0.394012445387629	0
0.394004814673529	0
0.393997174384409	0
0.393989524502252	0
0.393981865008999	0
0.393974195886544	0
0.393966517116736	0
0.393958828681378	0
0.393951130562226	0
0.393943422740994	0
0.393935705199345	0
0.393927977918901	0
0.393920240881232	0
0.393912494067868	0
0.393904737460286	0
0.39389697103992	0
0.393889194788157	0
0.393881408686335	0
0.393873612715747	0
0.393865806857638	0
0.393857991093203	0
0.393850165403594	0
0.393842329769911	0
0.393834484173208	0
0.39382662859449	0
0.393818763014716	0
0.393810887414794	0
0.393803001775583	0
0.393795106077897	0
0.393787200302497	0
0.393779284430098	0
0.393771358441362	0
0.393763422316907	0
0.393755476037298	0
0.393747519583049	0
0.393739552934628	0
0.393731576072451	0
0.393723588976884	0
0.393715591628242	0
0.393707584006791	0
0.393699566092744	0
0.393691537866268	0
0.393683499307473	0
0.393675450396421	0
0.393667391113124	0
0.393659321437541	0
0.393651241349578	0
0.393643150829091	0
0.393635049855885	0
0.39362693840971	0
0.393618816470266	0
0.3936106840172	0
0.393602541030106	0
0.393594387488527	0
0.393586223371949	0
0.393578048659809	0
0.393569863331489	0
0.393561667366317	0
0.393553460743568	0
0.393545243442464	0
0.393537015442172	0
0.393528776721805	0
0.393520527260421	0
0.393512267037025	0
0.393503996030565	0
0.393495714219937	0
0.393487421583981	0
0.393479118101479	0
0.393470803751162	0
0.393462478511703	0
0.393454142361719	0
0.393445795279771	0
0.393437437244365	0
0.393429068233951	0
0.39342068822692	0
0.393412297201608	0
0.393403895136295	0
0.393395482009202	0
0.393387057798495	0
0.393378622482279	0
0.393370176038606	0
0.393361718445466	0
0.393353249680794	0
0.393344769722464	0
0.393336278548295	0
0.393327776136044	0
0.393319262463412	0
0.393310737508039	0
0.393302201247506	0
0.393293653659337	0
0.393285094720994	0
0.39327652440988	0
0.393267942703337	0
0.39325934957865	0
0.393250745013039	0
0.393242128983667	0
0.393233501467636	0
0.393224862441985	0
0.393216211883694	0
0.39320754976968	0
0.3931988760768	0
0.393190190781847	0
0.393181493861554	0
0.393172785292591	0
0.393164065051567	0
0.393155333115025	0
0.393146589459449	0
0.393137834061259	0
0.393129066896809	0
0.393120287942393	0
0.393111497174239	0
0.393102694568513	0
0.393093880101316	0
0.393085053748685	0
0.393076215486592	0
0.393067365290944	0
0.393058503137584	0
0.393049629002289	0
0.393040742860771	0
0.393031844688677	0
0.393022934461586	0
0.393014012155015	0
0.39300507774441	0
0.392996131205153	0
0.392987172512561	0
0.392978201641879	0
0.39296921856829	0
0.392960223266906	0
0.392951215712774	0
0.392942195880871	0
0.392933163746107	0
0.392924119283324	0
0.392915062467294	0
0.392905993272722	0
0.392896911674243	0
0.392887817646422	0
0.392878711163756	0
0.392869592200672	0
0.392860460731526	0
0.392851316730605	0
0.392842160172124	0
0.392832991030228	0
0.392823809278993	0
0.392814614892421	0
0.392805407844443	0
0.392796188108921	0
0.392786955659641	0
0.39277771047032	0
0.392768452514602	0
0.392759181766057	0
0.392749898198183	0
0.392740601784405	0
0.392731292498075	0
0.392721970312469	0
0.392712635200793	0
0.392703287136174	0
0.392693926091669	0
0.392684552040258	0
0.392675164954847	0
0.392665764808265	0
0.392656351573268	0
0.392646925222535	0
0.392637485728668	0
0.392628033064195	0
0.392618567201566	0
0.392609088113154	0
0.392599595771255	0
0.39259009014809	0
0.392580571215799	0
0.392571038946445	0
0.392561493312016	0
0.392551934284416	0
0.392542361835476	0
0.392532775936944	0
0.39252317656049	0
0.392513563677706	0
0.392503937260101	0
0.392494297279107	0
0.392484643706075	0
0.392474976512273	0
0.392465295668891	0
0.392455601147036	0
0.392445892917735	0
0.392436170951931	0
0.392426435220488	0
0.392416685694185	0
0.392406922343719	0
0.392397145139704	0
0.392387354052673	0
0.392377549053071	0
0.392367730111264	0
0.39235789719753	0
0.392348050282064	0
0.392338189334978	0
0.392328314326297	0
0.39231842522596	0
0.392308522003822	0
0.392298604629652	0
0.392288673073131	0
0.392278727303857	0
0.392268767291337	0
0.392258793004993	0
0.39224880441416	0
0.392238801488083	0
0.392228784195922	0
0.392218752506746	0
0.392208706389537	0
0.392198645813186	0
0.392188570746496	0
0.39217848115818	0
0.392168377016862	0
0.392158258291074	0
0.392148124949258	0
0.392137976959765	0
0.392127814290855	0
0.392117636910695	0
0.392107444787363	0
0.392097237888842	0
0.392087016183022	0
0.392076779637703	0
0.392066528220588	0
0.39205626189929	0
0.392045980641325	0
0.392035684414116	0
0.392025373184991	0
0.392015046921184	0
0.392004705589833	0
0.391994349157978	0
0.391983977592567	0
0.391973590860449	0
0.391963188928377	0
0.391952771763007	0
0.391942339330896	0
0.391931891598506	0
0.391921428532198	0
0.391910950098237	0
0.391900456262786	0
0.391889946991913	0
0.391879422251582	0
0.391868882007659	0
0.391858326225911	0
0.391847754872002	0
0.391837167911496	0
0.391826565309854	0
0.391815947032438	0
0.391805313044506	0
0.391794663311213	0
0.391783997797611	0
0.391773316468651	0
0.391762619289178	0
0.391751906223933	0
0.391741177237553	0
0.391730432294571	0
0.391719671359412	0
0.391708894396398	0
0.391698101369745	0
0.391687292243559	0
0.391676466981845	0
0.391665625548495	0
0.391654767907296	0
0.391643894021928	0
0.391633003855961	0
0.391622097372855	0
0.391611174535964	0
0.39160023530853	0
0.391589279653685	0
0.39157830753445	0
0.391567318913739	0
0.391556313754349	0
0.391545292018969	0
0.391534253670175	0
0.391523198670429	0
0.391512126982083	0
0.391501038567372	0
0.391489933388421	0
0.391478811407237	0
0.391467672585714	0
0.391456516885632	0
0.391445344268653	0
0.391434154696324	0
0.391422948130078	0
0.391411724531226	0
0.391400483860966	0
0.391389226080376	0
0.391377951150417	0
0.391366659031931	0
0.391355349685641	0
0.391344023072148	0
0.391332679151937	0
0.39132131788537	0
0.391309939232689	0
0.391298543154013	0
0.391287129609342	0
0.39127569855855	0
0.391264249961392	0
0.391252783777496	0
0.39124129996637	0
0.391229798487395	0
0.391218279299827	0
0.3912067423628	0
0.39119518763532	0
0.391183615076266	0
0.391172024644392	0
0.391160416298326	0
0.391148789996564	0
0.391137145697479	0
0.391125483359313	0
0.391113802940178	0
0.391102104398057	0
0.391090387690806	0
0.391078652776145	0
0.391066899611668	0
0.391055128154833	0
0.391043338362969	0
0.391031530193272	0
0.391019703602804	0
0.391007858548492	0
0.390995994987133	0
0.390984112875384	0
0.390972212169772	0
0.390960292826684	0
0.390948354802373	0
0.390936398052955	0
0.390924422534407	0
0.390912428202571	0
0.390900415013148	0
0.390888382921702	0
0.390876331883655	0
0.390864261854292	0
0.390852172788755	0
0.390840064642046	0
0.390827937369024	0
0.390815790924409	0
0.390803625262774	0
0.390791440338551	0
0.390779236106027	0
0.390767012519346	0
0.390754769532506	0
0.390742507099358	0
0.390730225173609	0
0.390717923708817	0
0.390705602658396	0
0.390693261975608	0
0.390680901613568	0
0.390668521525243	0
0.390656121663449	0
0.390643701980853	0
0.390631262429967	0
0.390618802963158	0
0.390606323532634	0
0.390593824090456	0
0.390581304588527	0
0.3905687649786	0
0.390556205212271	0
0.39054362524098	0
0.390531025016014	0
0.390518404488502	0
0.390505763609414	0
0.390493102329566	0
0.390480420599613	0
0.390467718370053	0
0.390454995591221	0
0.390442252213295	0
0.390429488186291	0
0.390416703460063	0
0.390403897984304	0
0.390391071708542	0
0.390378224582143	0
0.390365356554309	0
0.390352467574077	0
0.390339557590316	0
0.390326626551733	0
0.390313674406866	0
0.390300701104084	0
0.39028770659159	0
0.390274690817416	0
0.390261653729428	0
0.390248595275317	0
0.390235515402607	0
0.390222414058648	0
0.390209291190617	0
0.390196146745521	0
0.39018298067019	0
0.390169792911281	0
0.390156583415276	0
0.39014335212848	0
0.390130098997023	0
0.390116823966854	0
0.390103526983748	0
0.3900902079933	0
0.390076866940923	0
0.390063503771852	0
0.390050118431141	0
0.390036710863662	0
0.390023281014102	0
0.390009828826969	0
0.389996354246582	0
0.389982857217079	0
0.38996933768241	0
0.389955795586341	0
0.389942230872448	0
0.38992864348412	0
0.389915033364559	0
0.389901400456776	0
0.38988774470359	0
0.389874066047633	0
0.389860364431341	0
0.38984663979696	0
0.38983289208654	0
0.38981912124194	0
0.389805327204822	0
0.389791509916651	0
0.389777669318696	0
0.38976380535203	0
0.389749917957525	0
0.389736007075856	0
0.389722072647496	0
0.389708114612718	0
0.389694132911594	0
0.389680127483991	0
0.389666098269575	0
0.389652045207806	0
0.38963796823794	0
0.389623867299025	0
0.389609742329905	0
0.389595593269212	0
0.389581420055374	0
0.389567222626605	0
0.389553000920912	0
0.389538754876088	0
0.389524484429716	0
0.389510189519163	0
0.389495870081585	0
0.389481526053921	0
0.389467157372893	0
0.389452763975009	0
0.389438345796558	0
0.389423902773608	0
0.389409434842012	0
0.389394941937398	0
0.389380423995174	0
0.389365880950526	0
0.389351312738417	0
0.389336719293583	0
0.389322100550538	0
0.389307456443566	0
0.389292786906727	0
0.389278091873851	0
0.389263371278538	0
0.389248625054159	0
0.389233853133853	0
0.389219055450528	0
0.389204231936856	0
0.389189382525277	0
0.389174507147994	0
0.389159605736976	0
0.389144678223952	0
0.389129724540414	0
0.389114744617614	0
0.389099738386563	0
0.389084705778031	0
0.389069646722546	0
0.389054561150392	0
0.389039448991607	0
0.389024310175984	0
0.38900914463307	0
0.388993952292162	0
0.388978733082309	0
0.388963486932311	0
0.388948213770715	0
0.388932913525815	0
0.388917586125654	0
0.388902231498018	0
0.388886849570439	0
0.38887144027019	0
0.388856003524288	0
0.388840539259491	0
0.388825047402295	0
0.388809527878935	0
0.388793980615384	0
0.38877840553735	0
0.388762802570279	0
0.388747171639346	0
0.388731512669463	0
0.388715825585272	0
0.388700110311145	0
0.388684366771183	0
0.388668594889214	0
0.388652794588794	0
0.388636965793206	0
0.388621108425453	0
0.388605222408263	0
0.388589307664088	0
0.388573364115096	0
0.388557391683178	0
0.38854139028994	0
0.388525359856707	0
0.388509300304518	0
0.388493211554126	0
0.388477093525998	0
0.388460946140312	0
0.388444769316955	0
0.388428562975523	0
0.388412327035322	0
0.388396061415362	0
0.388379766034358	0
0.388363440810729	0
0.388347085662596	0
0.388330700507781	0
0.388314285263806	0
0.38829783984789	0
0.388281364176948	0
0.388264858167594	0
0.388248321736131	0
0.388231754798559	0
0.388215157270566	0
0.38819852906753	0
0.38818187010452	0
0.388165180296289	0
0.388148459557277	0
0.388131707801605	0
0.388114924943081	0
0.388098110895191	0
0.388081265571102	0
0.388064388883657	0
0.388047480745378	0
0.388030541068461	0
0.388013569764776	0
0.387996566745863	0
0.387979531922936	0
0.387962465206876	0
0.387945366508232	0
0.387928235737217	0
0.387911072803711	0
0.387893877617256	0
0.387876650087055	0
0.38785939012197	0
0.387842097630522	0
0.387824772520889	0
0.387807414700902	0
0.387790024078045	0
0.387772600559457	0
0.387755144051924	0
0.38773765446188	0
0.387720131695407	0
0.387702575658232	0
0.387684986255724	0
0.387667363392896	0
0.387649706974398	0
0.38763201690452	0
0.387614293087188	0
0.387596535425964	0
0.38757874382404	0
0.387560918184242	0
0.387543058409025	0
0.387525164400472	0
0.387507236060291	0
0.387489273289814	0
0.387471275989997	0
0.387453244061417	0
0.387435177404267	0
0.387417075918358	0
0.387398939503119	0
0.387380768057589	0
0.38736256148042	0
0.387344319669872	0
0.387326042523816	0
0.387307729939724	0
0.387289381814677	0
0.387270998045354	0
0.387252578528037	0
0.387234123158605	0
0.387215631832531	0
0.387197104444887	0
0.387178540890333	0
0.387159941063122	0
0.387141304857094	0
0.387122632165675	0
0.387103922881877	0
0.387085176898293	0
0.387066394107097	0
0.387047574400039	0
0.387028717668449	0
0.387009823803229	0
0.386990892694851	0
0.38697192423336	0
0.386952918308368	0
0.386933874809053	0
0.386914793624154	0
0.386895674641975	0
0.386876517750378	0
0.386857322836779	0
0.386838089788154	0
0.386818818491029	0
0.386799508831479	0
0.38678016069513	0
0.386760773967154	0
0.386741348532264	0
0.386721884274717	0
0.386702381078308	0
0.386682838826371	0
0.386663257401771	0
0.386643636686908	0
0.386623976563713	0
0.38660427691364	0
0.386584537617674	0
0.386564758556319	0
0.386544939609601	0
0.386525080657064	0
0.386505181577767	0
0.386485242250284	0
0.386465262552698	0
0.386445242362601	0
0.386425181557091	0
0.386405080012771	0
0.386384937605741	0
0.386364754211603	0
0.386344529705453	0
0.386324263961882	0
0.38630395685497	0
0.386283608258285	0
0.386263218044883	0
0.3862427860873	0
0.386222312257555	0
0.386201796427142	0
0.386181238467033	0
0.386160638247669	0
0.386139995638963	0
0.386119310510295	0
0.386098582730507	0
0.386077812167906	0
0.386056998690255	0
0.386036142164773	0
0.386015242458133	0
0.385994299436459	0
0.385973312965321	0
0.385952282909735	0
0.385931209134158	0
0.385910091502485	0
0.385888929878049	0
0.385867724123615	0
0.385846474101379	0
0.385825179672962	0
0.385803840699413	0
0.385782457041198	0
0.385761028558205	0
0.385739555109734	0
0.3857180365545	0
0.385696472750626	0
0.38567486355564	0
0.385653208826474	0
0.385631508419461	0
0.385609762190327	0
0.385587969994195	0
0.385566131685577	0
0.385544247118373	0
0.385522316145865	0
0.385500338620717	0
0.385478314394971	0
0.385456243320041	0
0.385434125246715	0
0.385411960025144	0
0.385389747504848	0
0.385367487534705	0
0.38534517996295	0
0.385322824637173	0
0.385300421404315	0
0.385277970110664	0
0.38525547060185	0
0.385232922722844	0
0.385210326317955	0
0.385187681230824	0
0.38516498730442	0
0.385142244381039	0
0.385119452302302	0
0.385096610909144	0
0.385073720041818	0
0.385050779539887	0
0.385027789242223	0
0.385004748987001	0
0.384981658611696	0
0.384958517953079	0
0.384935326847215	0
0.384912085129456	0
0.38488879263444	0
0.384865449196086	0
0.38484205464759	0
0.38481860882142	0
0.384795111549316	0
0.38477156266228	0
0.384747961990578	0
0.384724309363731	0
0.384700604610515	0
0.384676847558953	0
0.384653038036315	0
0.384629175869112	0
0.38460526088309	0
0.384581292903228	0
0.384557271753733	0
0.384533197258038	0
0.384509069238794	0
0.384484887517867	0
0.384460651916336	0
0.384436362254485	0
0.384412018351801	0
0.38438762002697	0
0.384363167097869	0
0.384338659381567	0
0.384314096694315	0
0.384289478851546	0
0.384264805667868	0
0.384240076957058	0
0.384215292532062	0
0.384190452204986	0
0.384165555787092	0
0.384140603088797	0
0.384115593919663	0
0.384090528088395	0
0.384065405402836	0
0.384040225669962	0
0.384014988695878	0
0.383989694285811	0
0.383964342244107	0
0.383938932374224	0
0.383913464478729	0
0.383887938359292	0
0.383862353816683	0
0.383836710650762	0
0.383811008660478	0
0.383785247643863	0
0.383759427398026	0
0.38373354771915	0
0.383707608402481	0
0.383681609242331	0
0.383655550032065	0
0.383629430564099	0
0.383603250629897	0
0.38357701001996	0
0.383550708523824	0
0.383524345930055	0
0.383497922026242	0
0.38347143659899	0
0.383444889433917	0
0.383418280315648	0
0.383391609027807	0
0.383364875353013	0
0.383338079072876	0
0.383311219967985	0
0.38328429781791	0
0.383257312401191	0
0.38323026349533	0
0.383203150876793	0
0.383175974320996	0
0.383148733602304	0
0.383121428494019	0
0.383094058768383	0
0.383066624196561	0
0.383039124548644	0
0.383011559593637	0
0.382983929099455	0
0.382956232832914	0
0.382928470559729	0
0.382900642044505	0
0.382872747050727	0
0.38284478534076	0
0.382816756675839	0
0.38278866081606	0
0.382760497520379	0
0.382732266546599	0
0.382703967651368	0
0.382675600590168	0
0.382647165117313	0
0.382618660985937	0
0.38259008794799	0
0.382561445754231	0
0.382532734154217	0
0.382503952896303	0
0.382475101727627	0
0.382446180394107	0
0.382417188640435	0
0.382388126210064	0
0.382358992845207	0
0.382329788286825	0
0.38230051227462	0
0.382271164547032	0
0.382241744841224	0
0.382212252893079	0
0.382182688437191	0
0.382153051206858	0
0.382123340934073	0
0.382093557349516	0
0.382063700182547	0
0.382033769161197	0
0.382003764012161	0
0.381973684460788	0
0.381943530231074	0
0.381913301045654	0
0.381882996625792	0
0.381852616691375	0
0.381822160960903	0
0.381791629151479	0
0.381761020978803	0
0.381730336157164	0
0.381699574399426	0
0.381668735417026	0
0.38163781891996	0
0.381606824616776	0
0.381575752214565	0
0.381544601418954	0
0.38151337193409	0
0.38148206346264	0
0.381450675705775	0
0.381419208363162	0
0.381387661132957	0
0.381356033711794	0
0.381324325794774	0
0.381292537075457	0
0.381260667245852	0
0.381228715996408	0
0.381196683016002	0
0.381164567991931	0
0.381132370609902	0
0.381100090554021	0
0.381067727506781	0
0.381035281149057	0
0.381002751160091	0
0.380970137217483	0
0.380937438997181	0
0.380904656173471	0
0.380871788418963	0
0.380838835404586	0
0.380805796799572	0
0.380772672271447	0
0.380739461486022	0
0.380706164107377	0
0.380672779797855	0
0.38063930821805	0
0.380605749026792	0
0.380572101881138	0
0.380538366436362	0
0.380504542345942	0
0.380470629261548	0
0.380436626833029	0
0.380402534708405	0
0.380368352533851	0
0.380334079953689	0
0.380299716610371	0
0.380265262144472	0
0.380230716194672	0
0.38019607839775	0
0.380161348388566	0
0.380126525800052	0
0.380091610263197	0
0.380056601407034	0
0.38002149885863	0
0.379986302243072	0
0.37995101118345	0
0.379915625300849	0
0.379880144214334	0
0.379844567540933	0
0.379808894895632	0
0.37977312589135	0
0.379737260138935	0
0.379701297247145	0
0.379665236822636	0
0.379629078469946	0
0.379592821791484	0
0.379556466387513	0
0.379520011856135	0
0.379483457793281	0
0.379446803792689	0
0.379410049445897	0
0.379373194342223	0
0.379336238068751	0
0.379299180210319	0
0.379262020349497	0
0.379224758066579	0
0.379187392939564	0
0.379149924544138	0
0.379112352453665	0
0.379074676239163	0
0.379036895469295	0
0.378999009710348	0
0.378961018526218	0
0.378922921478397	0
0.378884718125951	0
0.378846408025506	0
0.378807990731233	0
0.378769465794827	0
0.378730832765494	0
0.378692091189929	0
0.378653240612305	0
0.37861428057425	0
0.378575210614829	0
0.378536030270533	0
0.378496739075253	0
0.378457336560267	0
0.378417822254219	0
0.378378195683102	0
0.378338456370239	0
0.378298603836265	0
0.378258637599106	0
0.378218557173964	0
0.378178362073291	0
0.378138051806778	0
0.37809762588133	0
0.378057083801045	0
0.378016425067201	0
0.377975649178228	0
0.377934755629695	0
0.377893743914282	0
0.377852613521768	0
0.377811363939002	0
0.377769994649889	0
0.377728505135363	0
0.377686894873372	0
0.377645163338851	0
0.377603310003702	0
0.377561334336775	0
0.377519235803842	0
0.377477013867577	0
0.377434667987534	0
0.377392197620123	0
0.377349602218589	0
0.377306881232985	0
0.377264034110156	0
0.377221060293708	0
0.377177959223989	0
0.377134730338065	0
0.377091373069695	0
0.377047886849304	0
0.377004271103967	0
0.376960525257373	0
0.376916648729811	0
0.376872640938138	0
0.376828501295755	0
0.376784229212584	0
0.376739824095039	0
0.376695285346004	0
0.376650612364803	0
0.376605804547175	0
0.376560861285248	0
0.376515781967512	0
0.37647056597879	0
0.376425212700215	0
0.376379721509196	0
0.376334091779397	0
0.376288322880705	0
0.3762424141792	0
0.376196365037133	0
0.376150174812888	0
0.376103842860962	0
0.376057368531929	0
0.376010751172414	0
0.375963990125062	0
0.375917084728507	0
0.375870034317342	0
0.37582283822209	0
0.37577549576917	0
0.375728006280869	0
0.375680369075308	0
0.37563258346641	0
0.375584648763871	0
0.375536564273122	0
0.375488329295302	0
0.375439943127223	0
0.375391405061335	0
0.375342714385692	0
0.375293870383924	0
0.375244872335194	0
0.375195719514169	0
0.375146411190987	0
0.375096946631213	0
0.375047325095814	0
0.374997545841115	0
0.374947608118767	0
0.374897511175711	0
0.374847254254137	0
0.374796836591451	0
0.374746257420233	0
0.374695515968206	0
0.37464461145819	0
0.374593543108069	0
0.374542310130746	0
0.374490911734112	0
0.374439347120999	0
0.374387615489142	0
0.374335716031141	0
0.374283647934416	0
0.374231410381168	0
0.374179002548339	0
0.374126423607564	0
0.374073672725136	0
0.374020749061958	0
0.373967651773502	0
0.373914380009762	0
0.373860932915217	0
0.373807309628777	0
0.373753509283744	0
0.373699531007769	0
0.373645373922797	0
0.373591037145029	0
0.373536519784874	0
0.373481820946896	0
0.373426939729774	0
0.373371875226249	0
0.373316626523076	0
0.373261192700977	0
0.37320557283459	0
0.373149765992418	0
0.37309377123678	0
0.37303758762376	0
0.372981214203154	0
0.372924650018419	0
0.372867894106621	0
0.37281094549838	0
0.372753803217819	0
0.372696466282508	0
0.372638933703408	0
0.37258120448482	0
0.372523277624325	0
0.372465152112731	0
0.372406826934012	0
0.372348301065257	0
0.372289573476603	0
0.372230643131186	0
0.372171508985074	0
0.372112169987211	0
0.372052625079357	0
0.371992873196026	0
0.371932913264421	0
0.37187274420438	0
0.371812364928303	0
0.371751774341097	0
0.371690971340107	0
0.371629954815053	0
0.371568723647963	0
0.371507276713107	0
0.371445612876934	0
0.371383730997998	0
0.371321629926895	0
0.371259308506191	0
0.371196765570355	0
0.371133999945685	0
0.37107101045024	0
0.371007795893767	0
0.370944355077629	0
0.37088068679473	0
0.370816789829444	0
0.370752662957535	0
0.370688304946086	0
0.370623714553423	0
0.370558890529033	0
0.370493831613489	0
0.370428536538371	0
0.370363004026187	0
0.370297232790289	0
0.370231221534797	0
0.370164968954511	0
0.370098473734831	0
0.370031734551673	0
0.369964750071383	0
0.369897518950652	0
0.369830039836429	0
0.369762311365832	0
0.369694332166061	0
0.369626100854308	0
0.369557616037666	0
0.369488876313037	0
0.369419880267041	0
0.369350626475923	0
0.369281113505454	0
0.369211339910841	0
0.369141304236626	0
0.369071005016592	0
0.369000440773661	0
0.368929610019797	0
0.368858511255903	0
0.368787142971719	0
0.368715503645722	0
0.368643591745017	0
0.368571405725234	0
0.368498944030424	0
0.368426205092946	0
0.368353187333361	0
0.368279889160322	0
0.368206308970464	0
0.368132445148285	0
0.368058296066041	0
0.367983860083624	0
0.367909135548448	0
0.367834120795334	0
0.367758814146384	0
0.367683213910869	0
0.367607318385099	0
0.367531125852308	0
0.367454634582521	0
0.367377842832436	0
0.367300748845291	0
0.367223350850738	0
0.367145647064712	0
0.367067635689298	0
0.3669893149126	0
0.366910682908605	0
0.366831737837046	0
0.366752477843265	0
0.366672901058073	0
0.36659300559761	0
0.366512789563199	0
0.366432251041207	0
0.366351388102894	0
0.366270198804268	0
0.366188681185933	0
0.36610683327294	0
0.366024653074635	0
0.3659421385845	0
0.36585928778	0
0.365776098622425	0
0.365692569056724	0
0.365608697011353	0
0.365524480398098	0
0.365439917111921	0
0.365355005030785	0
0.365269742015485	0
0.365184125909476	0
0.365098154538703	0
0.365011825711418	0
0.364925137218007	0
0.364838086830806	0
0.364750672303922	0
0.364662891373045	0
0.364574741755263	0
0.364486221148872	0
0.364397327233184	0
0.364308057668335	0
0.364218410095086	0
0.364128382134627	0
0.364037971388374	0
0.363947175437767	0
0.363855991844064	0
0.363764418148129	0
0.363672451870228	0
0.363580090509809	0
0.363487331545287	0
0.363394172433829	0
0.363300610611126	0
0.363206643491176	0
0.363112268466048	0
0.363017482905662	0
0.362922284157547	0
0.362826669546611	0
0.362730636374901	0
0.36263418192136	0
0.362537303441582	0
0.362439998167567	0
0.362342263307469	0
0.362244096045339	0
0.36214549354087	0
0.362046452929139	0
0.361946971320338	0
0.36184704579951	0
0.361746673426277	0
0.361645851234568	0
0.361544576232338	0
0.36144284540129	0
0.361340655696587	0
0.361238004046569	0
0.361134887352453	0
0.361031302488045	0
0.360927246299435	0
0.360822715604694	0
0.36071770719357	0
0.360612217827171	0
0.360506244237653	0
0.3603997831279	0
0.3602928311712	0
0.360185385010913	0
0.360077441260145	0
0.359968996501406	0
0.359860047286271	0
0.359750590135031	0
0.359640621536349	0
0.359530137946897	0
0.359419135791003	0
0.359307611460281	0
0.359195561313265	0
0.359082981675033	0
0.35896986883683	0
0.358856219055678	0
0.358742028553991	0
0.358627293519179	0
0.358512010103248	0
0.358396174422392	0
0.358279782556584	0
0.358162830549159	0
0.35804531440639	0
0.35792723009706	0
0.357808573552032	0
0.3576893406638	0
0.357569527286053	0
0.357449129233215	0
0.35732814227999	0
0.357206562160898	0
0.3570843845698	0
0.356961605159425	0
0.35683821954088	0
0.356714223283164	0
0.356589611912667	0
0.356464380912665	0
0.356338525722809	0
0.356212041738606	0
0.35608492431089	0
0.35595716874529	0
0.355828770301688	0
0.355699724193671	0
0.355570025587971	0
0.355439669603902	0
0.355308651312787	0
0.355176965737375	0
0.355044607851256	0
0.354911572578256	0
0.354777854791839	0
0.354643449314482	0
0.354508350917061	0
0.35437255431821	0
0.354236054183681	0
0.354098845125694	0
0.353960921702276	0
0.353822278416586	0
0.353682909716238	0
0.353542809992612	0
0.353401973580149	0
0.353260394755643	0
0.353118067737517	0
0.352974986685097	0
0.352831145697859	0
0.352686538814685	0
0.352541160013092	0
0.352395003208458	0
0.352248062253233	0
0.352100330936138	0
0.351951802981357	0
0.351802472047709	0
0.351652331727812	0
0.351501375547236	0
0.351349596963641	0
0.3511969893659	0
0.351043546073213	0
0.350889260334204	0
0.350734125326006	0
0.350578134153332	0
0.350421279847532	0
0.350263555365631	0
0.350104953589364	0
0.349945467324179	0
0.349785089298242	0
0.349623812161413	0
0.349461628484215	0
0.349298530756782	0
0.349134511387793	0
0.348969562703388	0
0.348803676946068	0
0.34863684627358	0
0.348469062757778	0
0.348300318383472	0
0.348130605047257	0
0.347959914556324	0
0.34778823862725	0
0.347615568884772	0
0.347441896860539	0
0.347267213991847	0
0.34709151162035	0
0.346914780990749	0
0.346737013249473	0
0.346558199443318	0
0.346378330518082	0
0.34619739731717	0
0.346015390580173	0
0.345832300941437	0
0.345648118928592	0
0.345462834961069	0
0.345276439348589	0
0.345088922289629	0
0.344900273869856	0
0.344710484060546	0
0.34451954271697	0
0.344327439576752	0
0.344134164258207	0
0.343939706258645	0
0.343744054952649	0
0.343547199590326	0
0.343349129295524	0
0.343149833064026	0
0.34294929976171	0
0.342747518122676	0
0.342544476747345	0
0.342340164100525	0
0.342134568509445	0
0.341927678161755	0
0.341719481103489	0
0.341509965237001	0
0.341299118318858	0
0.341086927957699	0
0.340873381612064	0
0.340658466588177	0
0.340442170037691	0
0.340224478955406	0
0.34000538017693	0
0.339784860376316	0
0.339562906063647	0
0.339339503582582	0
0.339114639107864	0
0.338888298642777	0
0.338660468016565	0
0.3384311328818	0
0.338200278711711	0
0.337967890797456	0
0.33773395424536	0
0.337498453974088	0
0.337261374711782	0
0.337022700993136	0
0.336782417156429	0
0.3365405073405	0
0.336296955481664	0
0.336051745310587	0
0.335804860349089	0
0.3355562839069	0
0.335305999078356	0
0.335053988739031	0
0.334800235542312	0
0.334544721915915	0
0.334287430058326	0
0.334028341935195	0
0.333767439275646	0
0.333504703568534	0
0.333240116058626	0
0.332973657742713	0
0.332705309365653	0
0.332435051416338	0
0.332162864123592	0
0.331888727451983	0
0.331612621097573	0
0.331334524483572	0
0.331054416755925	0
0.33077227677881	0
0.330488083130052	0
0.330201814096457	0
0.329913447669049	0
0.329622961538227	0
0.329330333088828	0
0.329035539395093	0
0.328738557215544	0
0.32843936298776	0
0.328137932823059	0
0.327834242501071	0
0.327528267464217	0
0.327219982812077	0
0.326909363295653	0
0.326596383311522	0
0.326281016895877	0
0.325963237718455	0
0.325643019076345	0
0.325320333887681	0
0.324995154685214	0
0.324667453609754	0
0.324337202403493	0
0.324004372403191	0
0.323668934533241	0
0.323330859298584	0
0.322990116777502	0
0.322646676614261	0
0.32230050801161	0
0.321951579723143	0
0.321599860045501	0
0.321245316810426	0
0.320887917376661	0
0.320527628621686	0
0.3201644169333	0
0.319798248201023	0
0.319429087807348	0
0.319056900618801	0
0.318681650976837	0
0.318303302688553	0
0.317921819017217	0
0.317537162672603	0
0.317149295801148	0
0.316758179975899	0
0.316363776186272	0
0.315966044827598	0
0.315564945690465	0
0.31516043794985	0
0.314752480154032	0
0.314341030213279	0
0.313926045388318	0
0.313507482278569	0
0.313085296810144	0
0.312659444223608	0
0.312229879061492	0
0.311796555155563	0
0.311359425613826	0
0.310918442807283	0
0.310473558356409	0
0.310024723117373	0
0.309571887167968	0
0.309114999793275	0
0.308654009471023	0
0.308188863856669	0
0.307719509768175	0
0.307245893170475	0
0.306767959159642	0
0.306285651946729	0
0.305798914841289	0
0.30530769023457	0
0.304811919582373	0
0.304311543387566	0
0.30380650118225	0
0.303296731509575	0
0.302782171905191	0
0.302262758878331	0
0.301738427892523	0
0.301209113345915	0
0.300674748551221	0
0.30013526571526	0
0.299590595918109	0
0.29904066909183	0
0.2984854139988	0
0.2979247582096	0
0.29735862808049	0
0.29678694873044	0
0.29620964401772	0
0.29562663651604	0
0.295037847490231	0
0.294443196871468	0
0.293842603232017	0
0.293235983759506	0
0.292623254230715	0
0.292004328984872	0
0.291379120896461	0
0.290747541347514	0
0.290109500199408	0
0.289464905764137	0
0.288813664775075	0
0.288155682357203	0
0.287490861996812	0
0.286819105510673	0
0.286140313014661	0
0.285454382891841	0
0.284761211760007	0
0.284060694438669	0
0.283352723915488	0
0.282637191312159	0
0.281913985849734	0
0.281182994813391	0
0.280444103516646	0
0.279697195265008	0
0.278942151319079	0
0.278178850857104	0
0.277407170936968	0
0.276626986457653	0
0.275838170120153	0
0.275040592387859	0
0.274234121446418	0
0.273418623163081	0
0.272593961045543	0
0.271759996200293	0
0.270916587290493	0
0.270063590493392	0
0.269200859457295	0
0.268328245258122	0
0.267445596355552	0
0.266552758548812	0
0.265649574932101	0
0.264735885849715	0
0.263811528850882	0
0.262876338644352	0
0.261930147052782	0
0.260972782966967	0
0.260004072299945	0
0.25902383794105	0
0.258031899709953	0
0.25702807431076	0
0.25601217528623	0
0.25498401297218	0
0.253943394452159	0
0.252890123512473	0
0.251824000597641	0
0.250744822766385	0
0.249652383648255	0
0.248546473400996	0
0.247426878668767	0
0.246293382541355	0
0.245145764514498	0
0.243983800451476	0
0.242807262546108	0
0.241615919287329	0
0.24040953542552	0
0.239187871940766	0
0.237950686013253	0
0.236697730995996	0
0.235428756390144	0
0.234143507823072	0
0.232841727029532	0
0.231523151836119	0
0.230187516149332	0
0.228834549947541	0
0.22746397927716	0
0.226075526253372	0
0.224668909065755	0
0.22324384198918	0
0.221800035400382	0
0.220337195800607	0
0.218855025844785	0
0.217353224377675	0
0.215831486477482	0
0.214289503507433	0
0.212726963175868	0
0.211143549605384	0
0.20953894341163	0
0.207912821792357	0
0.206264858627372	0
0.204594724590053	0
0.202902087271123	0
0.201186611315409	0
0.199447958572342	0
0.197685788260966	0
0.195899757150272	0
0.194089519755701	0
0.192254728552656	0
0.190395034207933	0
0.188510085829977	0
0.186599531238887	0
0.184663017257149	0
0.182700190022046	0
0.180710695320759	0
0.178694178949147	0
0.176650287095221	0
0.174578666748332	0
0.172478966135083	0
0.170350835182971	0
0.168193926012766	0
0.166007893460582	0
0.1637923956306	0
0.161547094479349	0
0.1592716564324	0
0.156965753034277	0
0.154629061632317	0
0.152261266095127	0
0.149862057566181	0
0.147431135252997	0
0.144968207252206	0
0.142472991410649	0
0.139945216222522	0
0.137384621762357	0
0.134790960653432	0
0.132163999070997	0
0.129503517779424	0
0.126809313202118	0
0.124081198522747	0
0.121319004816005	0
0.118522582205793	0
0.11569180104831	0
0.112826553137192	0
0.109926752927384	0
0.106992338774023	0
0.104023274182146	0
0.101019549062582	0
0.0979811809889031	0
0.0949082164498143	0
0.091800732090911	0
0.0886588359392019	0
0.0854826686033555	0
0.0822724044421527	0
0.0790282526931956	0
0.0757504585535191	0
0.0724393042033876	0
0.0690951097642456	0
0.0657182341815375	0
0.0623090760229259	0
0.0588680741823353	0
0.0553957084802313	0
0.0518925001506264	0
0.0483590122055007	0
0.0447958496676267	0
0.0412036596632186	0
0.037583131366383	0
0.0339349957880358	0
0.0302600254027679	0
0.0265590336080927	0
0.0228328740115902	0
0.0190824395426558	0
0.0153086613868777	0
0.01151250774248	0
0.00769498239975605	0
0.00385712314599455	0
-2.70899106629527e-18	0
